customer_id,churn_probability,predicted_churn,threshold,split
CUST00001,0.955,1,0.015,train
CUST00002,0.06,1,0.015,train
CUST00003,0.97,1,0.015,train
CUST00004,0.93,1,0.015,train
CUST00005,0.105,1,0.015,train
CUST00006,0.285,1,0.015,validation
CUST00007,0.04,1,0.015,train
CUST00008,0.24,1,0.015,validation
CUST00009,0.12,1,0.015,train
CUST00010,0.055,1,0.015,train
CUST00011,0.025,1,0.015,train
CUST00012,0.765,1,0.015,train
CUST00013,0.145,1,0.015,train
CUST00014,0.045,1,0.015,train
CUST00015,0.08,1,0.015,train
CUST00016,0.935,1,0.015,test
CUST00017,0.98,1,0.015,train
CUST00018,0.865,1,0.015,test
CUST00019,0.04,1,0.015,train
CUST00020,0.975,1,0.015,train
CUST00021,0.815,1,0.015,train
CUST00022,0.09,1,0.015,train
CUST00023,0.115,1,0.015,train
CUST00024,0.07,1,0.015,test
CUST00025,0.625,1,0.015,test
CUST00026,0.08,1,0.015,train
CUST00027,0.435,1,0.015,validation
CUST00028,0.22,1,0.015,train
CUST00029,0.07,1,0.015,train
CUST00030,0.075,1,0.015,test
CUST00031,0.815,1,0.015,train
CUST00032,0.23,1,0.015,test
CUST00033,0.115,1,0.015,validation
CUST00034,0.065,1,0.015,train
CUST00035,0.92,1,0.015,train
CUST00036,0.725,1,0.015,train
CUST00037,0.325,1,0.015,train
CUST00038,0.03,1,0.015,train
CUST00039,0.045,1,0.015,train
CUST00040,0.975,1,0.015,train
CUST00041,0.84,1,0.015,train
CUST00042,0.085,1,0.015,train
CUST00043,0.325,1,0.015,test
CUST00044,0.535,1,0.015,test
CUST00045,0.85,1,0.015,train
CUST00046,0.94,1,0.015,train
CUST00047,0.965,1,0.015,train
CUST00048,0.185,1,0.015,validation
CUST00049,0.035,1,0.015,train
CUST00050,0.055,1,0.015,train
CUST00051,0.96,1,0.015,train
CUST00052,0.675,1,0.015,train
CUST00053,0.155,1,0.015,validation
CUST00054,0.04,1,0.015,train
CUST00055,0.04,1,0.015,train
CUST00056,0.12,1,0.015,validation
CUST00057,0.88,1,0.015,train
CUST00058,0.38,1,0.015,test
CUST00059,0.1,1,0.015,test
CUST00060,0.945,1,0.015,train
CUST00061,0.1,1,0.015,train
CUST00062,0.005,0,0.015,train
CUST00063,0.935,1,0.015,train
CUST00064,0.135,1,0.015,test
CUST00065,0.06,1,0.015,train
CUST00066,0.94,1,0.015,train
CUST00067,0.45,1,0.015,test
CUST00068,0.95,1,0.015,train
CUST00069,0.675,1,0.015,train
CUST00070,0.765,1,0.015,train
CUST00071,0.725,1,0.015,train
CUST00072,0.795,1,0.015,train
CUST00073,0.04,1,0.015,train
CUST00074,0.16,1,0.015,train
CUST00075,0.045,1,0.015,train
CUST00076,0.025,1,0.015,train
CUST00077,0.875,1,0.015,validation
CUST00078,0.92,1,0.015,train
CUST00079,0.96,1,0.015,train
CUST00080,0.095,1,0.015,train
CUST00081,0.04,1,0.015,train
CUST00082,0.945,1,0.015,test
CUST00083,0.86,1,0.015,train
CUST00084,0.84,1,0.015,train
CUST00085,0.69,1,0.015,train
CUST00086,0.155,1,0.015,test
CUST00087,0.14,1,0.015,train
CUST00088,0.47,1,0.015,test
CUST00089,0.9,1,0.015,train
CUST00090,0.205,1,0.015,train
CUST00091,0.215,1,0.015,train
CUST00092,0.285,1,0.015,test
CUST00093,0.41,1,0.015,validation
CUST00094,0.915,1,0.015,validation
CUST00095,0.855,1,0.015,train
CUST00096,0.29,1,0.015,test
CUST00097,0.065,1,0.015,train
CUST00098,0.945,1,0.015,train
CUST00099,0.21,1,0.015,train
CUST00100,0.66,1,0.015,validation
CUST00101,0.94,1,0.015,train
CUST00102,0.22,1,0.015,train
CUST00103,0.035,1,0.015,train
CUST00104,0.66,1,0.015,validation
CUST00105,0.13,1,0.015,train
CUST00106,0.875,1,0.015,train
CUST00107,0.225,1,0.015,validation
CUST00108,0.875,1,0.015,train
CUST00109,0.575,1,0.015,test
CUST00110,0.75,1,0.015,train
CUST00111,0.785,1,0.015,test
CUST00112,0.045,1,0.015,train
CUST00113,0.075,1,0.015,train
CUST00114,0.885,1,0.015,test
CUST00115,0.89,1,0.015,train
CUST00116,0.725,1,0.015,validation
CUST00117,0.965,1,0.015,train
CUST00118,0.09,1,0.015,train
CUST00119,0.08,1,0.015,train
CUST00120,0.11,1,0.015,train
CUST00121,0.055,1,0.015,validation
CUST00122,0.79,1,0.015,train
CUST00123,0.28,1,0.015,train
CUST00124,0.875,1,0.015,train
CUST00125,0.1,1,0.015,train
CUST00126,0.76,1,0.015,train
CUST00127,0.34,1,0.015,test
CUST00128,0.115,1,0.015,test
CUST00129,0.085,1,0.015,train
CUST00130,0.245,1,0.015,train
CUST00131,0.765,1,0.015,train
CUST00132,0.935,1,0.015,train
CUST00133,0.255,1,0.015,test
CUST00134,0.205,1,0.015,validation
CUST00135,0.95,1,0.015,test
CUST00136,0.855,1,0.015,train
CUST00137,0.825,1,0.015,test
CUST00138,0.22,1,0.015,train
CUST00139,0.275,1,0.015,test
CUST00140,0.035,1,0.015,test
CUST00141,0.2,1,0.015,test
CUST00142,0.82,1,0.015,test
CUST00143,0.06,1,0.015,train
CUST00144,0.45,1,0.015,validation
CUST00145,0.3,1,0.015,validation
CUST00146,0.345,1,0.015,train
CUST00147,0.165,1,0.015,train
CUST00148,0.015,1,0.015,train
CUST00149,0.03,1,0.015,train
CUST00150,0.065,1,0.015,train
CUST00151,0.04,1,0.015,train
CUST00152,0.075,1,0.015,train
CUST00153,0.045,1,0.015,train
CUST00154,0.01,0,0.015,train
CUST00155,0.065,1,0.015,train
CUST00156,0.12,1,0.015,validation
CUST00157,0.195,1,0.015,validation
CUST00158,0.93,1,0.015,train
CUST00159,0.99,1,0.015,train
CUST00160,0.82,1,0.015,test
CUST00161,0.015,1,0.015,train
CUST00162,0.9,1,0.015,train
CUST00163,0.215,1,0.015,train
CUST00164,0.905,1,0.015,train
CUST00165,0.585,1,0.015,validation
CUST00166,0.11,1,0.015,train
CUST00167,0.965,1,0.015,train
CUST00168,0.175,1,0.015,train
CUST00169,0.895,1,0.015,train
CUST00170,0.01,0,0.015,train
CUST00171,0.095,1,0.015,test
CUST00172,0.08,1,0.015,train
CUST00173,0.11,1,0.015,train
CUST00174,0.16,1,0.015,train
CUST00175,0.785,1,0.015,train
CUST00176,0.08,1,0.015,train
CUST00177,0.62,1,0.015,validation
CUST00178,0.055,1,0.015,train
CUST00179,0.085,1,0.015,train
CUST00180,0.91,1,0.015,train
CUST00181,0.06,1,0.015,train
CUST00182,0.12,1,0.015,train
CUST00183,0.74,1,0.015,test
CUST00184,0.05,1,0.015,test
CUST00185,0.19,1,0.015,train
CUST00186,0.105,1,0.015,train
CUST00187,0.35,1,0.015,train
CUST00188,0.08,1,0.015,validation
CUST00189,0.24,1,0.015,train
CUST00190,0.125,1,0.015,train
CUST00191,0.33,1,0.015,validation
CUST00192,0.39,1,0.015,test
CUST00193,0.885,1,0.015,train
CUST00194,0.22,1,0.015,test
CUST00195,0.1,1,0.015,train
CUST00196,0.86,1,0.015,train
CUST00197,0.195,1,0.015,validation
CUST00198,0.04,1,0.015,train
CUST00199,0.185,1,0.015,validation
CUST00200,0.02,1,0.015,train
CUST00201,0.825,1,0.015,train
CUST00202,0.275,1,0.015,train
CUST00203,0.745,1,0.015,validation
CUST00204,0.055,1,0.015,train
CUST00205,0.06,1,0.015,train
CUST00206,0.87,1,0.015,train
CUST00207,0.75,1,0.015,train
CUST00208,0.79,1,0.015,train
CUST00209,0.79,1,0.015,validation
CUST00210,0.92,1,0.015,train
CUST00211,0.14,1,0.015,train
CUST00212,0.87,1,0.015,train
CUST00213,0.925,1,0.015,train
CUST00214,0.765,1,0.015,train
CUST00215,0.79,1,0.015,train
CUST00216,0.85,1,0.015,train
CUST00217,0.77,1,0.015,train
CUST00218,0.075,1,0.015,train
CUST00219,0.91,1,0.015,train
CUST00220,0.08,1,0.015,train
CUST00221,0.035,1,0.015,train
CUST00222,0.955,1,0.015,train
CUST00223,0.895,1,0.015,train
CUST00224,0.225,1,0.015,train
CUST00225,0.76,1,0.015,train
CUST00226,0.335,1,0.015,validation
CUST00227,0.945,1,0.015,train
CUST00228,0.685,1,0.015,train
CUST00229,0.78,1,0.015,train
CUST00230,0.02,1,0.015,train
CUST00231,0.04,1,0.015,train
CUST00232,0.095,1,0.015,train
CUST00233,0.945,1,0.015,train
CUST00234,0.055,1,0.015,train
CUST00235,0.34,1,0.015,train
CUST00236,0.145,1,0.015,train
CUST00237,0.035,1,0.015,validation
CUST00238,0.23,1,0.015,train
CUST00239,0.87,1,0.015,test
CUST00240,0.09,1,0.015,train
CUST00241,0.01,0,0.015,train
CUST00242,0.07,1,0.015,train
CUST00243,0.86,1,0.015,train
CUST00244,0.85,1,0.015,train
CUST00245,0.11,1,0.015,train
CUST00246,0.17,1,0.015,train
CUST00247,0.415,1,0.015,test
CUST00248,0.35,1,0.015,test
CUST00249,0.94,1,0.015,train
CUST00250,0.265,1,0.015,test
CUST00251,0.79,1,0.015,train
CUST00252,0.955,1,0.015,train
CUST00253,0.955,1,0.015,train
CUST00254,0.915,1,0.015,train
CUST00255,0.045,1,0.015,train
CUST00256,0.92,1,0.015,test
CUST00257,0.155,1,0.015,train
CUST00258,0.13,1,0.015,validation
CUST00259,0.945,1,0.015,train
CUST00260,0.045,1,0.015,validation
CUST00261,0.185,1,0.015,train
CUST00262,0.085,1,0.015,train
CUST00263,0.175,1,0.015,validation
CUST00264,0.695,1,0.015,train
CUST00265,0.235,1,0.015,train
CUST00266,0.735,1,0.015,test
CUST00267,0.325,1,0.015,validation
CUST00268,0.09,1,0.015,train
CUST00269,0.065,1,0.015,validation
CUST00270,0.11,1,0.015,train
CUST00271,0.06,1,0.015,train
CUST00272,0.03,1,0.015,validation
CUST00273,0.01,0,0.015,train
CUST00274,0.175,1,0.015,train
CUST00275,0.98,1,0.015,train
CUST00276,0.175,1,0.015,validation
CUST00277,0.135,1,0.015,train
CUST00278,0.585,1,0.015,test
CUST00279,0.035,1,0.015,test
CUST00280,0.04,1,0.015,train
CUST00281,0.415,1,0.015,validation
CUST00282,0.975,1,0.015,train
CUST00283,0.015,1,0.015,train
CUST00284,0.97,1,0.015,validation
CUST00285,0.21,1,0.015,validation
CUST00286,0.99,1,0.015,train
CUST00287,0.1,1,0.015,train
CUST00288,0.94,1,0.015,train
CUST00289,0.05,1,0.015,train
CUST00290,0.085,1,0.015,train
CUST00291,0.815,1,0.015,train
CUST00292,0.155,1,0.015,train
CUST00293,0.89,1,0.015,test
CUST00294,0.21,1,0.015,train
CUST00295,0.115,1,0.015,train
CUST00296,0.965,1,0.015,train
CUST00297,0.93,1,0.015,train
CUST00298,0.96,1,0.015,train
CUST00299,0.955,1,0.015,train
CUST00300,0.065,1,0.015,train
CUST00301,0.265,1,0.015,validation
CUST00302,0.925,1,0.015,train
CUST00303,0.12,1,0.015,test
CUST00304,0.71,1,0.015,train
CUST00305,0.805,1,0.015,test
CUST00306,0.185,1,0.015,test
CUST00307,0.84,1,0.015,train
CUST00308,0.215,1,0.015,train
CUST00309,0.705,1,0.015,train
CUST00310,0.155,1,0.015,train
CUST00311,0.84,1,0.015,train
CUST00312,0.75,1,0.015,train
CUST00313,0.755,1,0.015,validation
CUST00314,0.725,1,0.015,train
CUST00315,0.005,0,0.015,train
CUST00316,0.87,1,0.015,train
CUST00317,0.74,1,0.015,test
CUST00318,0.21,1,0.015,test
CUST00319,0.96,1,0.015,train
CUST00320,0.03,1,0.015,train
CUST00321,0.67,1,0.015,validation
CUST00322,0.035,1,0.015,train
CUST00323,0.02,1,0.015,train
CUST00324,0.96,1,0.015,validation
CUST00325,0.015,1,0.015,train
CUST00326,0.94,1,0.015,train
CUST00327,0.395,1,0.015,validation
CUST00328,0.94,1,0.015,validation
CUST00329,0.07,1,0.015,train
CUST00330,0.125,1,0.015,train
CUST00331,0.99,1,0.015,train
CUST00332,0.53,1,0.015,validation
CUST00333,0.22,1,0.015,train
CUST00334,0.87,1,0.015,train
CUST00335,0.655,1,0.015,test
CUST00336,0.095,1,0.015,train
CUST00337,0.24,1,0.015,validation
CUST00338,0.56,1,0.015,validation
CUST00339,0.18,1,0.015,train
CUST00340,0.07,1,0.015,train
CUST00341,0.04,1,0.015,train
CUST00342,0.03,1,0.015,train
CUST00343,0.21,1,0.015,train
CUST00344,0.34,1,0.015,train
CUST00345,0.015,1,0.015,validation
CUST00346,0.155,1,0.015,train
CUST00347,0.965,1,0.015,train
CUST00348,0.065,1,0.015,test
CUST00349,0.06,1,0.015,train
CUST00350,0.225,1,0.015,validation
CUST00351,0.01,0,0.015,train
CUST00352,0.05,1,0.015,train
CUST00353,0.87,1,0.015,train
CUST00354,0.125,1,0.015,train
CUST00355,0.93,1,0.015,train
CUST00356,0.03,1,0.015,train
CUST00357,0.32,1,0.015,validation
CUST00358,0.86,1,0.015,train
CUST00359,0.02,1,0.015,train
CUST00360,0.07,1,0.015,train
CUST00361,0.925,1,0.015,train
CUST00362,0.025,1,0.015,train
CUST00363,0.19,1,0.015,train
CUST00364,0.965,1,0.015,train
CUST00365,0.685,1,0.015,validation
CUST00366,0.19,1,0.015,train
CUST00367,0.98,1,0.015,train
CUST00368,0.9,1,0.015,train
CUST00369,0.45,1,0.015,validation
CUST00370,0.92,1,0.015,train
CUST00371,0.865,1,0.015,train
CUST00372,0.24,1,0.015,train
CUST00373,0.795,1,0.015,train
CUST00374,0.97,1,0.015,train
CUST00375,0.825,1,0.015,train
CUST00376,0.67,1,0.015,train
CUST00377,0.255,1,0.015,validation
CUST00378,0.86,1,0.015,train
CUST00379,0.425,1,0.015,test
CUST00380,0.065,1,0.015,train
CUST00381,0.935,1,0.015,train
CUST00382,0.19,1,0.015,train
CUST00383,0.035,1,0.015,train
CUST00384,0.325,1,0.015,test
CUST00385,0.18,1,0.015,train
CUST00386,0.03,1,0.015,train
CUST00387,0.065,1,0.015,train
CUST00388,0.76,1,0.015,train
CUST00389,0.025,1,0.015,train
CUST00390,0.765,1,0.015,train
CUST00391,0.09,1,0.015,test
CUST00392,0.95,1,0.015,train
CUST00393,0.105,1,0.015,train
CUST00394,0.095,1,0.015,train
CUST00395,0.16,1,0.015,train
CUST00396,0.025,1,0.015,validation
CUST00397,0.54,1,0.015,test
CUST00398,0.0,0,0.015,train
CUST00399,0.885,1,0.015,train
CUST00400,0.15,1,0.015,train
CUST00401,0.45,1,0.015,validation
CUST00402,0.865,1,0.015,validation
CUST00403,0.055,1,0.015,validation
CUST00404,0.98,1,0.015,train
CUST00405,0.785,1,0.015,train
CUST00406,0.015,1,0.015,train
CUST00407,0.105,1,0.015,train
CUST00408,0.41,1,0.015,validation
CUST00409,0.695,1,0.015,train
CUST00410,0.075,1,0.015,validation
CUST00411,0.89,1,0.015,test
CUST00412,0.95,1,0.015,test
CUST00413,0.11,1,0.015,train
CUST00414,0.355,1,0.015,test
CUST00415,0.86,1,0.015,train
CUST00416,0.085,1,0.015,train
CUST00417,0.78,1,0.015,test
CUST00418,0.035,1,0.015,test
CUST00419,0.805,1,0.015,train
CUST00420,0.175,1,0.015,validation
CUST00421,0.08,1,0.015,train
CUST00422,0.905,1,0.015,train
CUST00423,0.95,1,0.015,train
CUST00424,0.925,1,0.015,train
CUST00425,0.22,1,0.015,train
CUST00426,0.895,1,0.015,train
CUST00427,0.335,1,0.015,validation
CUST00428,0.17,1,0.015,train
CUST00429,0.095,1,0.015,train
CUST00430,0.025,1,0.015,train
CUST00431,0.945,1,0.015,train
CUST00432,0.835,1,0.015,train
CUST00433,0.08,1,0.015,train
CUST00434,0.38,1,0.015,train
CUST00435,0.925,1,0.015,train
CUST00436,0.33,1,0.015,validation
CUST00437,0.91,1,0.015,test
CUST00438,0.265,1,0.015,test
CUST00439,0.89,1,0.015,train
CUST00440,0.83,1,0.015,train
CUST00441,0.97,1,0.015,train
CUST00442,0.505,1,0.015,test
CUST00443,0.965,1,0.015,train
CUST00444,0.97,1,0.015,train
CUST00445,0.07,1,0.015,train
CUST00446,0.7,1,0.015,train
CUST00447,0.12,1,0.015,train
CUST00448,0.83,1,0.015,train
CUST00449,0.98,1,0.015,train
CUST00450,0.15,1,0.015,train
CUST00451,0.115,1,0.015,validation
CUST00452,0.965,1,0.015,train
CUST00453,0.045,1,0.015,train
CUST00454,0.065,1,0.015,test
CUST00455,0.96,1,0.015,train
CUST00456,0.925,1,0.015,train
CUST00457,0.99,1,0.015,train
CUST00458,0.295,1,0.015,validation
CUST00459,0.95,1,0.015,train
CUST00460,0.055,1,0.015,test
CUST00461,0.975,1,0.015,train
CUST00462,0.795,1,0.015,train
CUST00463,0.04,1,0.015,train
CUST00464,0.54,1,0.015,validation
CUST00465,0.94,1,0.015,train
CUST00466,0.065,1,0.015,validation
CUST00467,0.065,1,0.015,train
CUST00468,0.955,1,0.015,train
CUST00469,0.065,1,0.015,train
CUST00470,0.96,1,0.015,train
CUST00471,0.94,1,0.015,train
CUST00472,0.305,1,0.015,train
CUST00473,0.925,1,0.015,train
CUST00474,0.095,1,0.015,validation
CUST00475,0.085,1,0.015,train
CUST00476,0.905,1,0.015,train
CUST00477,0.12,1,0.015,train
CUST00478,0.08,1,0.015,train
CUST00479,0.88,1,0.015,train
CUST00480,0.92,1,0.015,test
CUST00481,0.04,1,0.015,train
CUST00482,0.31,1,0.015,test
CUST00483,0.16,1,0.015,train
CUST00484,0.13,1,0.015,train
CUST00485,0.955,1,0.015,train
CUST00486,0.095,1,0.015,train
CUST00487,0.15,1,0.015,train
CUST00488,0.945,1,0.015,train
CUST00489,0.9,1,0.015,train
CUST00490,0.145,1,0.015,train
CUST00491,0.65,1,0.015,test
CUST00492,0.205,1,0.015,train
CUST00493,0.55,1,0.015,test
CUST00494,0.125,1,0.015,validation
CUST00495,0.075,1,0.015,train
CUST00496,0.2,1,0.015,train
CUST00497,0.865,1,0.015,train
CUST00498,0.115,1,0.015,train
CUST00499,0.1,1,0.015,train
CUST00500,0.035,1,0.015,train
CUST00501,0.085,1,0.015,train
CUST00502,0.045,1,0.015,train
CUST00503,0.06,1,0.015,train
CUST00504,0.06,1,0.015,train
CUST00505,0.28,1,0.015,train
CUST00506,0.255,1,0.015,test
CUST00507,0.72,1,0.015,test
CUST00508,0.375,1,0.015,train
CUST00509,0.22,1,0.015,test
CUST00510,0.835,1,0.015,validation
CUST00511,0.11,1,0.015,train
CUST00512,0.67,1,0.015,train
CUST00513,0.135,1,0.015,validation
CUST00514,0.29,1,0.015,validation
CUST00515,0.05,1,0.015,train
CUST00516,0.685,1,0.015,train
CUST00517,0.17,1,0.015,train
CUST00518,0.105,1,0.015,train
CUST00519,0.505,1,0.015,validation
CUST00520,0.06,1,0.015,train
CUST00521,0.195,1,0.015,validation
CUST00522,0.98,1,0.015,train
CUST00523,0.14,1,0.015,train
CUST00524,0.71,1,0.015,train
CUST00525,0.99,1,0.015,train
CUST00526,0.02,1,0.015,train
CUST00527,0.26,1,0.015,train
CUST00528,0.11,1,0.015,train
CUST00529,0.095,1,0.015,train
CUST00530,0.13,1,0.015,train
CUST00531,0.405,1,0.015,test
CUST00532,0.935,1,0.015,validation
CUST00533,0.095,1,0.015,train
CUST00534,0.765,1,0.015,train
CUST00535,0.915,1,0.015,train
CUST00536,0.015,1,0.015,train
CUST00537,0.045,1,0.015,train
CUST00538,0.155,1,0.015,train
CUST00539,0.175,1,0.015,validation
CUST00540,0.165,1,0.015,train
CUST00541,0.22,1,0.015,train
CUST00542,0.18,1,0.015,train
CUST00543,0.945,1,0.015,train
CUST00544,0.865,1,0.015,train
CUST00545,0.075,1,0.015,train
CUST00546,0.01,0,0.015,train
CUST00547,0.165,1,0.015,train
CUST00548,0.33,1,0.015,train
CUST00549,0.945,1,0.015,train
CUST00550,0.19,1,0.015,validation
CUST00551,0.065,1,0.015,train
CUST00552,0.025,1,0.015,train
CUST00553,0.98,1,0.015,train
CUST00554,0.05,1,0.015,train
CUST00555,0.14,1,0.015,train
CUST00556,0.84,1,0.015,train
CUST00557,0.12,1,0.015,validation
CUST00558,0.995,1,0.015,train
CUST00559,0.06,1,0.015,train
CUST00560,0.945,1,0.015,validation
CUST00561,0.09,1,0.015,train
CUST00562,0.975,1,0.015,train
CUST00563,0.935,1,0.015,train
CUST00564,0.85,1,0.015,train
CUST00565,0.29,1,0.015,validation
CUST00566,0.06,1,0.015,train
CUST00567,0.065,1,0.015,test
CUST00568,0.475,1,0.015,test
CUST00569,0.28,1,0.015,train
CUST00570,0.87,1,0.015,test
CUST00571,0.12,1,0.015,train
CUST00572,0.745,1,0.015,train
CUST00573,0.885,1,0.015,train
CUST00574,0.035,1,0.015,validation
CUST00575,0.85,1,0.015,train
CUST00576,0.715,1,0.015,train
CUST00577,0.155,1,0.015,train
CUST00578,0.98,1,0.015,train
CUST00579,0.645,1,0.015,train
CUST00580,0.41,1,0.015,test
CUST00581,0.39,1,0.015,validation
CUST00582,1.0,1,0.015,train
CUST00583,0.925,1,0.015,train
CUST00584,0.845,1,0.015,train
CUST00585,0.395,1,0.015,validation
CUST00586,0.935,1,0.015,train
CUST00587,0.065,1,0.015,train
CUST00588,0.46,1,0.015,test
CUST00589,0.81,1,0.015,train
CUST00590,0.945,1,0.015,train
CUST00591,0.835,1,0.015,train
CUST00592,0.18,1,0.015,test
CUST00593,0.045,1,0.015,train
CUST00594,0.835,1,0.015,train
CUST00595,0.035,1,0.015,train
CUST00596,0.31,1,0.015,test
CUST00597,0.87,1,0.015,train
CUST00598,0.075,1,0.015,train
CUST00599,0.23,1,0.015,train
CUST00600,0.79,1,0.015,validation
CUST00601,0.8,1,0.015,train
CUST00602,0.605,1,0.015,test
CUST00603,0.02,1,0.015,train
CUST00604,0.18,1,0.015,train
CUST00605,0.92,1,0.015,train
CUST00606,0.92,1,0.015,train
CUST00607,0.93,1,0.015,train
CUST00608,0.08,1,0.015,train
CUST00609,0.06,1,0.015,validation
CUST00610,0.145,1,0.015,validation
CUST00611,0.98,1,0.015,train
CUST00612,0.75,1,0.015,train
CUST00613,0.055,1,0.015,test
CUST00614,0.985,1,0.015,train
CUST00615,0.85,1,0.015,train
CUST00616,0.76,1,0.015,train
CUST00617,0.06,1,0.015,validation
CUST00618,0.12,1,0.015,train
CUST00619,0.08,1,0.015,train
CUST00620,0.225,1,0.015,train
CUST00621,0.875,1,0.015,train
CUST00622,0.94,1,0.015,train
CUST00623,0.08,1,0.015,train
CUST00624,0.955,1,0.015,train
CUST00625,0.745,1,0.015,train
CUST00626,0.02,1,0.015,train
CUST00627,0.64,1,0.015,validation
CUST00628,0.185,1,0.015,train
CUST00629,0.13,1,0.015,train
CUST00630,0.135,1,0.015,train
CUST00631,0.7,1,0.015,train
CUST00632,0.69,1,0.015,train
CUST00633,0.08,1,0.015,train
CUST00634,0.995,1,0.015,train
CUST00635,0.74,1,0.015,test
CUST00636,0.155,1,0.015,train
CUST00637,0.18,1,0.015,train
CUST00638,0.925,1,0.015,train
CUST00639,0.93,1,0.015,validation
CUST00640,0.915,1,0.015,train
CUST00641,0.075,1,0.015,train
CUST00642,0.085,1,0.015,train
CUST00643,0.68,1,0.015,test
CUST00644,0.545,1,0.015,test
CUST00645,0.705,1,0.015,test
CUST00646,0.33,1,0.015,train
CUST00647,0.56,1,0.015,test
CUST00648,0.125,1,0.015,train
CUST00649,0.905,1,0.015,train
CUST00650,0.16,1,0.015,validation
CUST00651,0.085,1,0.015,train
CUST00652,0.155,1,0.015,validation
CUST00653,0.05,1,0.015,train
CUST00654,0.02,1,0.015,train
CUST00655,0.225,1,0.015,train
CUST00656,0.115,1,0.015,train
CUST00657,0.52,1,0.015,test
CUST00658,0.935,1,0.015,train
CUST00659,0.2,1,0.015,validation
CUST00660,0.34,1,0.015,test
CUST00661,0.97,1,0.015,train
CUST00662,0.975,1,0.015,train
CUST00663,0.74,1,0.015,train
CUST00664,0.15,1,0.015,train
CUST00665,0.13,1,0.015,train
CUST00666,0.12,1,0.015,train
CUST00667,0.185,1,0.015,test
CUST00668,0.8,1,0.015,train
CUST00669,0.12,1,0.015,train
CUST00670,0.91,1,0.015,train
CUST00671,0.015,1,0.015,train
CUST00672,0.865,1,0.015,train
CUST00673,0.95,1,0.015,train
CUST00674,0.66,1,0.015,train
CUST00675,0.28,1,0.015,train
CUST00676,0.145,1,0.015,test
CUST00677,0.085,1,0.015,train
CUST00678,0.955,1,0.015,train
CUST00679,0.14,1,0.015,train
CUST00680,0.94,1,0.015,train
CUST00681,0.985,1,0.015,train
CUST00682,0.065,1,0.015,train
CUST00683,0.025,1,0.015,validation
CUST00684,0.7,1,0.015,validation
CUST00685,0.055,1,0.015,train
CUST00686,0.81,1,0.015,train
CUST00687,0.86,1,0.015,train
CUST00688,0.085,1,0.015,train
CUST00689,0.05,1,0.015,train
CUST00690,0.02,1,0.015,validation
CUST00691,0.11,1,0.015,train
CUST00692,0.83,1,0.015,train
CUST00693,0.87,1,0.015,train
CUST00694,0.795,1,0.015,train
CUST00695,0.965,1,0.015,train
CUST00696,0.07,1,0.015,train
CUST00697,0.345,1,0.015,train
CUST00698,0.015,1,0.015,train
CUST00699,0.105,1,0.015,train
CUST00700,0.255,1,0.015,train
CUST00701,0.885,1,0.015,train
CUST00702,0.885,1,0.015,train
CUST00703,0.89,1,0.015,validation
CUST00704,0.675,1,0.015,train
CUST00705,0.855,1,0.015,train
CUST00706,0.13,1,0.015,test
CUST00707,0.765,1,0.015,validation
CUST00708,0.175,1,0.015,validation
CUST00709,0.615,1,0.015,test
CUST00710,0.035,1,0.015,validation
CUST00711,0.025,1,0.015,train
CUST00712,0.06,1,0.015,train
CUST00713,0.005,0,0.015,train
CUST00714,0.15,1,0.015,train
CUST00715,0.135,1,0.015,train
CUST00716,0.1,1,0.015,test
CUST00717,0.05,1,0.015,train
CUST00718,0.88,1,0.015,validation
CUST00719,0.32,1,0.015,train
CUST00720,0.975,1,0.015,train
CUST00721,0.045,1,0.015,train
CUST00722,0.65,1,0.015,validation
CUST00723,0.84,1,0.015,train
CUST00724,0.06,1,0.015,test
CUST00725,0.91,1,0.015,test
CUST00726,0.07,1,0.015,train
CUST00727,0.045,1,0.015,validation
CUST00728,0.905,1,0.015,train
CUST00729,0.93,1,0.015,train
CUST00730,0.25,1,0.015,train
CUST00731,0.735,1,0.015,test
CUST00732,0.125,1,0.015,train
CUST00733,0.215,1,0.015,train
CUST00734,0.6,1,0.015,test
CUST00735,0.215,1,0.015,test
CUST00736,0.335,1,0.015,validation
CUST00737,0.265,1,0.015,test
CUST00738,0.62,1,0.015,test
CUST00739,0.06,1,0.015,train
CUST00740,0.91,1,0.015,test
CUST00741,0.315,1,0.015,train
CUST00742,0.82,1,0.015,train
CUST00743,0.16,1,0.015,train
CUST00744,0.325,1,0.015,validation
CUST00745,0.03,1,0.015,train
CUST00746,0.67,1,0.015,validation
CUST00747,0.04,1,0.015,train
CUST00748,0.05,1,0.015,train
CUST00749,0.22,1,0.015,validation
CUST00750,0.37,1,0.015,test
CUST00751,0.045,1,0.015,train
CUST00752,0.795,1,0.015,validation
CUST00753,0.865,1,0.015,train
CUST00754,0.11,1,0.015,validation
CUST00755,0.865,1,0.015,test
CUST00756,0.84,1,0.015,train
CUST00757,0.185,1,0.015,validation
CUST00758,0.095,1,0.015,train
CUST00759,0.745,1,0.015,train
CUST00760,0.94,1,0.015,train
CUST00761,0.985,1,0.015,train
CUST00762,0.145,1,0.015,train
CUST00763,0.885,1,0.015,train
CUST00764,0.04,1,0.015,train
CUST00765,0.525,1,0.015,test
CUST00766,0.935,1,0.015,train
CUST00767,0.83,1,0.015,train
CUST00768,0.1,1,0.015,train
CUST00769,0.635,1,0.015,train
CUST00770,0.045,1,0.015,train
CUST00771,0.795,1,0.015,train
CUST00772,0.86,1,0.015,validation
CUST00773,0.44,1,0.015,validation
CUST00774,0.93,1,0.015,train
CUST00775,0.08,1,0.015,train
CUST00776,0.95,1,0.015,train
CUST00777,0.065,1,0.015,train
CUST00778,0.995,1,0.015,train
CUST00779,0.03,1,0.015,train
CUST00780,0.015,1,0.015,train
CUST00781,0.545,1,0.015,validation
CUST00782,0.91,1,0.015,test
CUST00783,0.95,1,0.015,test
CUST00784,0.725,1,0.015,train
CUST00785,0.075,1,0.015,train
CUST00786,0.915,1,0.015,validation
CUST00787,0.095,1,0.015,train
CUST00788,0.14,1,0.015,train
CUST00789,0.34,1,0.015,test
CUST00790,0.795,1,0.015,train
CUST00791,0.97,1,0.015,train
CUST00792,0.835,1,0.015,test
CUST00793,0.845,1,0.015,train
CUST00794,0.94,1,0.015,train
CUST00795,0.805,1,0.015,validation
CUST00796,0.625,1,0.015,test
CUST00797,0.23,1,0.015,test
CUST00798,0.19,1,0.015,validation
CUST00799,0.71,1,0.015,train
CUST00800,0.06,1,0.015,test
CUST00801,0.66,1,0.015,validation
CUST00802,0.985,1,0.015,train
CUST00803,0.155,1,0.015,train
CUST00804,0.035,1,0.015,train
CUST00805,0.155,1,0.015,train
CUST00806,0.055,1,0.015,train
CUST00807,0.935,1,0.015,train
CUST00808,0.15,1,0.015,train
CUST00809,0.07,1,0.015,train
CUST00810,0.405,1,0.015,train
CUST00811,0.895,1,0.015,train
CUST00812,0.975,1,0.015,train
CUST00813,0.025,1,0.015,train
CUST00814,0.12,1,0.015,train
CUST00815,0.82,1,0.015,test
CUST00816,0.105,1,0.015,train
CUST00817,0.01,0,0.015,train
CUST00818,0.99,1,0.015,train
CUST00819,0.07,1,0.015,test
CUST00820,0.975,1,0.015,train
CUST00821,0.265,1,0.015,train
CUST00822,0.175,1,0.015,train
CUST00823,0.97,1,0.015,train
CUST00824,0.14,1,0.015,test
CUST00825,0.92,1,0.015,train
CUST00826,0.9,1,0.015,train
CUST00827,0.12,1,0.015,train
CUST00828,0.89,1,0.015,train
CUST00829,0.04,1,0.015,test
CUST00830,0.06,1,0.015,validation
CUST00831,0.025,1,0.015,train
CUST00832,0.035,1,0.015,train
CUST00833,0.825,1,0.015,train
CUST00834,0.045,1,0.015,train
CUST00835,0.385,1,0.015,validation
CUST00836,0.03,1,0.015,train
CUST00837,0.035,1,0.015,train
CUST00838,0.265,1,0.015,test
CUST00839,0.94,1,0.015,train
CUST00840,0.115,1,0.015,test
CUST00841,0.185,1,0.015,train
CUST00842,0.08,1,0.015,train
CUST00843,0.83,1,0.015,train
CUST00844,0.235,1,0.015,validation
CUST00845,0.61,1,0.015,validation
CUST00846,0.13,1,0.015,validation
CUST00847,0.04,1,0.015,train
CUST00848,0.025,1,0.015,train
CUST00849,0.035,1,0.015,train
CUST00850,0.12,1,0.015,validation
CUST00851,0.03,1,0.015,train
CUST00852,0.13,1,0.015,train
CUST00853,0.605,1,0.015,test
CUST00854,0.975,1,0.015,train
CUST00855,0.925,1,0.015,test
CUST00856,0.2,1,0.015,train
CUST00857,0.3,1,0.015,validation
CUST00858,0.6,1,0.015,test
CUST00859,0.885,1,0.015,train
CUST00860,0.155,1,0.015,train
CUST00861,0.895,1,0.015,train
CUST00862,0.98,1,0.015,train
CUST00863,0.01,0,0.015,train
CUST00864,0.94,1,0.015,train
CUST00865,0.32,1,0.015,validation
CUST00866,0.155,1,0.015,test
CUST00867,0.77,1,0.015,train
CUST00868,0.06,1,0.015,train
CUST00869,0.53,1,0.015,validation
CUST00870,0.165,1,0.015,train
CUST00871,0.885,1,0.015,train
CUST00872,0.86,1,0.015,train
CUST00873,0.09,1,0.015,train
CUST00874,0.67,1,0.015,train
CUST00875,0.4,1,0.015,test
CUST00876,0.765,1,0.015,train
CUST00877,0.845,1,0.015,train
CUST00878,0.425,1,0.015,test
CUST00879,0.915,1,0.015,train
CUST00880,0.04,1,0.015,train
CUST00881,0.055,1,0.015,train
CUST00882,0.5,1,0.015,validation
CUST00883,0.15,1,0.015,train
CUST00884,1.0,1,0.015,train
CUST00885,0.79,1,0.015,train
CUST00886,0.11,1,0.015,train
CUST00887,0.075,1,0.015,train
CUST00888,0.965,1,0.015,train
CUST00889,0.705,1,0.015,train
CUST00890,0.14,1,0.015,train
CUST00891,0.04,1,0.015,train
CUST00892,0.06,1,0.015,train
CUST00893,0.965,1,0.015,train
CUST00894,0.675,1,0.015,train
CUST00895,0.75,1,0.015,train
CUST00896,0.115,1,0.015,validation
CUST00897,0.04,1,0.015,train
CUST00898,0.975,1,0.015,train
CUST00899,0.97,1,0.015,train
CUST00900,0.83,1,0.015,train
CUST00901,0.17,1,0.015,validation
CUST00902,0.045,1,0.015,train
CUST00903,0.18,1,0.015,test
CUST00904,0.05,1,0.015,train
CUST00905,0.045,1,0.015,train
CUST00906,0.8,1,0.015,train
CUST00907,0.965,1,0.015,train
CUST00908,0.14,1,0.015,train
CUST00909,0.94,1,0.015,train
CUST00910,0.905,1,0.015,train
CUST00911,0.1,1,0.015,train
CUST00912,0.88,1,0.015,train
CUST00913,0.975,1,0.015,validation
CUST00914,0.06,1,0.015,train
CUST00915,0.98,1,0.015,train
CUST00916,0.025,1,0.015,train
CUST00917,0.96,1,0.015,validation
CUST00918,0.905,1,0.015,train
CUST00919,0.055,1,0.015,validation
CUST00920,0.815,1,0.015,train
CUST00921,0.71,1,0.015,validation
CUST00922,0.145,1,0.015,validation
CUST00923,0.755,1,0.015,train
CUST00924,0.39,1,0.015,validation
CUST00925,0.125,1,0.015,train
CUST00926,0.07,1,0.015,train
CUST00927,0.99,1,0.015,train
CUST00928,0.955,1,0.015,validation
CUST00929,0.44,1,0.015,test
CUST00930,0.17,1,0.015,validation
CUST00931,0.085,1,0.015,train
CUST00932,0.595,1,0.015,test
CUST00933,0.965,1,0.015,validation
CUST00934,0.835,1,0.015,train
CUST00935,0.04,1,0.015,train
CUST00936,0.16,1,0.015,train
CUST00937,0.855,1,0.015,train
CUST00938,0.48,1,0.015,test
CUST00939,0.06,1,0.015,train
CUST00940,0.29,1,0.015,train
CUST00941,0.93,1,0.015,train
CUST00942,0.57,1,0.015,test
CUST00943,0.98,1,0.015,train
CUST00944,0.69,1,0.015,test
CUST00945,0.03,1,0.015,train
CUST00946,0.925,1,0.015,train
CUST00947,0.29,1,0.015,validation
CUST00948,0.375,1,0.015,validation
CUST00949,0.845,1,0.015,test
CUST00950,0.92,1,0.015,train
CUST00951,0.145,1,0.015,train
CUST00952,0.15,1,0.015,validation
CUST00953,0.02,1,0.015,train
CUST00954,0.14,1,0.015,test
CUST00955,0.5,1,0.015,test
CUST00956,0.08,1,0.015,train
CUST00957,0.075,1,0.015,train
CUST00958,0.945,1,0.015,train
CUST00959,0.755,1,0.015,train
CUST00960,0.925,1,0.015,train
CUST00961,0.93,1,0.015,validation
CUST00962,0.835,1,0.015,train
CUST00963,0.825,1,0.015,train
CUST00964,0.925,1,0.015,train
CUST00965,0.065,1,0.015,train
CUST00966,0.475,1,0.015,test
CUST00967,0.88,1,0.015,validation
CUST00968,0.845,1,0.015,train
CUST00969,0.065,1,0.015,train
CUST00970,0.92,1,0.015,train
CUST00971,0.035,1,0.015,train
CUST00972,0.105,1,0.015,train
CUST00973,0.215,1,0.015,validation
CUST00974,0.075,1,0.015,train
CUST00975,0.295,1,0.015,test
CUST00976,0.125,1,0.015,test
CUST00977,0.03,1,0.015,train
CUST00978,0.98,1,0.015,train
CUST00979,0.905,1,0.015,train
CUST00980,0.605,1,0.015,test
CUST00981,0.57,1,0.015,validation
CUST00982,0.37,1,0.015,validation
CUST00983,0.895,1,0.015,validation
CUST00984,0.125,1,0.015,train
CUST00985,0.88,1,0.015,train
CUST00986,0.15,1,0.015,train
CUST00987,0.15,1,0.015,train
CUST00988,0.13,1,0.015,test
CUST00989,0.955,1,0.015,train
CUST00990,0.625,1,0.015,validation
CUST00991,0.045,1,0.015,train
CUST00992,0.955,1,0.015,train
CUST00993,0.83,1,0.015,validation
CUST00994,0.085,1,0.015,train
CUST00995,0.915,1,0.015,test
CUST00996,0.135,1,0.015,validation
CUST00997,0.95,1,0.015,train
CUST00998,0.125,1,0.015,train
CUST00999,0.74,1,0.015,validation
CUST01000,0.23,1,0.015,train
CUST01001,0.985,1,0.015,train
CUST01002,0.085,1,0.015,train
CUST01003,0.915,1,0.015,train
CUST01004,0.96,1,0.015,train
CUST01005,0.935,1,0.015,train
CUST01006,0.125,1,0.015,train
CUST01007,0.12,1,0.015,train
CUST01008,0.88,1,0.015,train
CUST01009,0.135,1,0.015,train
CUST01010,0.095,1,0.015,train
CUST01011,0.885,1,0.015,validation
CUST01012,0.13,1,0.015,train
CUST01013,0.97,1,0.015,train
CUST01014,0.965,1,0.015,train
CUST01015,0.085,1,0.015,train
CUST01016,0.085,1,0.015,validation
CUST01017,0.695,1,0.015,test
CUST01018,0.18,1,0.015,validation
CUST01019,0.94,1,0.015,train
CUST01020,0.97,1,0.015,train
CUST01021,0.115,1,0.015,train
CUST01022,0.935,1,0.015,train
CUST01023,0.93,1,0.015,train
CUST01024,0.095,1,0.015,train
CUST01025,0.05,1,0.015,train
CUST01026,0.795,1,0.015,train
CUST01027,0.04,1,0.015,train
CUST01028,0.62,1,0.015,test
CUST01029,0.24,1,0.015,train
CUST01030,0.085,1,0.015,validation
CUST01031,0.95,1,0.015,train
CUST01032,0.065,1,0.015,train
CUST01033,0.06,1,0.015,train
CUST01034,0.195,1,0.015,train
CUST01035,0.055,1,0.015,train
CUST01036,0.545,1,0.015,validation
CUST01037,0.015,1,0.015,train
CUST01038,0.79,1,0.015,train
CUST01039,0.685,1,0.015,test
CUST01040,0.95,1,0.015,train
CUST01041,0.335,1,0.015,train
CUST01042,0.035,1,0.015,train
CUST01043,0.545,1,0.015,validation
CUST01044,0.55,1,0.015,test
CUST01045,0.315,1,0.015,train
CUST01046,0.845,1,0.015,train
CUST01047,0.93,1,0.015,train
CUST01048,0.89,1,0.015,train
CUST01049,0.865,1,0.015,train
CUST01050,0.04,1,0.015,train
CUST01051,0.89,1,0.015,train
CUST01052,0.915,1,0.015,train
CUST01053,0.705,1,0.015,validation
CUST01054,0.77,1,0.015,test
CUST01055,0.825,1,0.015,test
CUST01056,0.095,1,0.015,train
CUST01057,0.155,1,0.015,train
CUST01058,0.95,1,0.015,train
CUST01059,0.965,1,0.015,train
CUST01060,0.165,1,0.015,train
CUST01061,0.07,1,0.015,train
CUST01062,0.955,1,0.015,train
CUST01063,0.22,1,0.015,train
CUST01064,0.075,1,0.015,train
CUST01065,0.07,1,0.015,train
CUST01066,0.125,1,0.015,test
CUST01067,0.14,1,0.015,train
CUST01068,0.905,1,0.015,train
CUST01069,0.175,1,0.015,train
CUST01070,0.305,1,0.015,test
CUST01071,0.075,1,0.015,train
CUST01072,0.98,1,0.015,train
CUST01073,0.8,1,0.015,train
CUST01074,0.795,1,0.015,train
CUST01075,0.495,1,0.015,validation
CUST01076,0.19,1,0.015,train
CUST01077,0.6,1,0.015,validation
CUST01078,0.965,1,0.015,train
CUST01079,0.82,1,0.015,test
CUST01080,0.83,1,0.015,validation
CUST01081,0.12,1,0.015,train
CUST01082,0.725,1,0.015,train
CUST01083,0.985,1,0.015,train
CUST01084,0.205,1,0.015,train
CUST01085,0.925,1,0.015,test
CUST01086,0.12,1,0.015,train
CUST01087,0.8,1,0.015,train
CUST01088,0.04,1,0.015,train
CUST01089,0.73,1,0.015,train
CUST01090,0.925,1,0.015,validation
CUST01091,0.88,1,0.015,train
CUST01092,0.905,1,0.015,train
CUST01093,0.335,1,0.015,train
CUST01094,0.125,1,0.015,train
CUST01095,0.11,1,0.015,train
CUST01096,0.02,1,0.015,train
CUST01097,0.83,1,0.015,train
CUST01098,0.97,1,0.015,train
CUST01099,0.025,1,0.015,train
CUST01100,0.085,1,0.015,train
CUST01101,0.725,1,0.015,train
CUST01102,0.235,1,0.015,train
CUST01103,0.89,1,0.015,train
CUST01104,0.755,1,0.015,validation
CUST01105,0.345,1,0.015,test
CUST01106,0.2,1,0.015,validation
CUST01107,0.905,1,0.015,train
CUST01108,0.095,1,0.015,train
CUST01109,0.305,1,0.015,validation
CUST01110,0.995,1,0.015,train
CUST01111,0.88,1,0.015,train
CUST01112,0.06,1,0.015,train
CUST01113,0.195,1,0.015,train
CUST01114,0.97,1,0.015,train
CUST01115,0.055,1,0.015,train
CUST01116,0.145,1,0.015,train
CUST01117,0.03,1,0.015,train
CUST01118,0.285,1,0.015,train
CUST01119,0.965,1,0.015,train
CUST01120,0.145,1,0.015,train
CUST01121,0.195,1,0.015,train
CUST01122,0.065,1,0.015,train
CUST01123,0.875,1,0.015,train
CUST01124,0.875,1,0.015,train
CUST01125,0.975,1,0.015,train
CUST01126,0.0,0,0.015,train
CUST01127,0.94,1,0.015,train
CUST01128,0.735,1,0.015,validation
CUST01129,0.845,1,0.015,validation
CUST01130,0.9,1,0.015,train
CUST01131,0.345,1,0.015,test
CUST01132,0.03,1,0.015,train
CUST01133,0.235,1,0.015,validation
CUST01134,0.075,1,0.015,train
CUST01135,0.8,1,0.015,train
CUST01136,0.21,1,0.015,train
CUST01137,0.875,1,0.015,train
CUST01138,0.995,1,0.015,train
CUST01139,0.12,1,0.015,validation
CUST01140,0.2,1,0.015,test
CUST01141,0.94,1,0.015,train
CUST01142,0.02,1,0.015,train
CUST01143,0.08,1,0.015,train
CUST01144,0.18,1,0.015,test
CUST01145,0.94,1,0.015,train
CUST01146,0.035,1,0.015,train
CUST01147,0.005,0,0.015,train
CUST01148,0.815,1,0.015,train
CUST01149,0.565,1,0.015,validation
CUST01150,0.965,1,0.015,train
CUST01151,0.915,1,0.015,train
CUST01152,0.05,1,0.015,train
CUST01153,0.44,1,0.015,validation
CUST01154,0.045,1,0.015,train
CUST01155,0.115,1,0.015,train
CUST01156,0.025,1,0.015,train
CUST01157,0.215,1,0.015,test
CUST01158,0.09,1,0.015,test
CUST01159,0.445,1,0.015,test
CUST01160,0.945,1,0.015,train
CUST01161,0.93,1,0.015,train
CUST01162,0.29,1,0.015,train
CUST01163,0.97,1,0.015,train
CUST01164,0.245,1,0.015,validation
CUST01165,0.9,1,0.015,test
CUST01166,0.78,1,0.015,train
CUST01167,0.03,1,0.015,train
CUST01168,0.055,1,0.015,train
CUST01169,0.395,1,0.015,test
CUST01170,0.97,1,0.015,train
CUST01171,0.275,1,0.015,train
CUST01172,0.02,1,0.015,train
CUST01173,0.145,1,0.015,train
CUST01174,0.83,1,0.015,train
CUST01175,0.085,1,0.015,train
CUST01176,0.955,1,0.015,train
CUST01177,0.295,1,0.015,test
CUST01178,0.765,1,0.015,train
CUST01179,0.85,1,0.015,train
CUST01180,0.16,1,0.015,train
CUST01181,0.98,1,0.015,train
CUST01182,0.74,1,0.015,test
CUST01183,0.1,1,0.015,train
CUST01184,0.09,1,0.015,train
CUST01185,0.245,1,0.015,validation
CUST01186,0.9,1,0.015,train
CUST01187,0.32,1,0.015,test
CUST01188,0.81,1,0.015,train
CUST01189,0.82,1,0.015,train
CUST01190,0.08,1,0.015,train
CUST01191,0.82,1,0.015,train
CUST01192,0.055,1,0.015,train
CUST01193,0.98,1,0.015,train
CUST01194,0.855,1,0.015,train
CUST01195,0.82,1,0.015,train
CUST01196,0.47,1,0.015,test
CUST01197,0.87,1,0.015,train
CUST01198,0.115,1,0.015,train
CUST01199,0.99,1,0.015,train
CUST01200,0.36,1,0.015,validation
CUST01201,0.895,1,0.015,train
CUST01202,0.935,1,0.015,train
CUST01203,0.2,1,0.015,train
CUST01204,0.23,1,0.015,train
CUST01205,0.965,1,0.015,train
CUST01206,0.83,1,0.015,train
CUST01207,0.945,1,0.015,train
CUST01208,0.215,1,0.015,train
CUST01209,0.045,1,0.015,train
CUST01210,0.985,1,0.015,train
CUST01211,0.03,1,0.015,train
CUST01212,0.06,1,0.015,train
CUST01213,0.82,1,0.015,validation
CUST01214,0.94,1,0.015,train
CUST01215,0.145,1,0.015,train
CUST01216,0.85,1,0.015,train
CUST01217,0.84,1,0.015,validation
CUST01218,0.02,1,0.015,train
CUST01219,0.265,1,0.015,train
CUST01220,0.905,1,0.015,train
CUST01221,0.155,1,0.015,train
CUST01222,0.14,1,0.015,train
CUST01223,0.905,1,0.015,train
CUST01224,0.705,1,0.015,train
CUST01225,0.85,1,0.015,train
CUST01226,0.735,1,0.015,train
CUST01227,0.77,1,0.015,train
CUST01228,0.99,1,0.015,train
CUST01229,0.67,1,0.015,validation
CUST01230,0.96,1,0.015,train
CUST01231,0.325,1,0.015,train
CUST01232,0.91,1,0.015,train
CUST01233,0.185,1,0.015,train
CUST01234,0.885,1,0.015,train
CUST01235,0.97,1,0.015,train
CUST01236,0.045,1,0.015,train
CUST01237,0.835,1,0.015,train
CUST01238,0.235,1,0.015,test
CUST01239,0.24,1,0.015,train
CUST01240,0.69,1,0.015,train
CUST01241,0.47,1,0.015,validation
CUST01242,0.17,1,0.015,test
CUST01243,0.77,1,0.015,train
CUST01244,0.18,1,0.015,validation
CUST01245,0.895,1,0.015,test
CUST01246,0.93,1,0.015,test
CUST01247,0.13,1,0.015,test
CUST01248,0.65,1,0.015,validation
CUST01249,0.045,1,0.015,train
CUST01250,0.265,1,0.015,train
CUST01251,0.84,1,0.015,train
CUST01252,0.78,1,0.015,train
CUST01253,0.305,1,0.015,test
CUST01254,0.185,1,0.015,train
CUST01255,0.165,1,0.015,train
CUST01256,0.93,1,0.015,train
CUST01257,0.4,1,0.015,test
CUST01258,0.92,1,0.015,test
CUST01259,0.885,1,0.015,train
CUST01260,0.265,1,0.015,validation
CUST01261,0.405,1,0.015,validation
CUST01262,0.75,1,0.015,train
CUST01263,0.085,1,0.015,train
CUST01264,0.755,1,0.015,train
CUST01265,0.055,1,0.015,train
CUST01266,0.05,1,0.015,train
CUST01267,0.195,1,0.015,train
CUST01268,0.74,1,0.015,train
CUST01269,0.175,1,0.015,train
CUST01270,0.21,1,0.015,train
CUST01271,0.05,1,0.015,train
CUST01272,0.065,1,0.015,train
CUST01273,0.92,1,0.015,test
CUST01274,0.05,1,0.015,train
CUST01275,0.025,1,0.015,train
CUST01276,0.285,1,0.015,train
CUST01277,0.86,1,0.015,train
CUST01278,0.07,1,0.015,train
CUST01279,0.785,1,0.015,test
CUST01280,0.115,1,0.015,validation
CUST01281,0.915,1,0.015,train
CUST01282,0.86,1,0.015,train
CUST01283,0.645,1,0.015,train
CUST01284,0.97,1,0.015,test
CUST01285,0.97,1,0.015,train
CUST01286,0.24,1,0.015,train
CUST01287,0.625,1,0.015,test
CUST01288,0.885,1,0.015,test
CUST01289,0.055,1,0.015,train
CUST01290,0.095,1,0.015,train
CUST01291,0.29,1,0.015,train
CUST01292,0.135,1,0.015,train
CUST01293,0.09,1,0.015,train
CUST01294,0.11,1,0.015,validation
CUST01295,0.77,1,0.015,train
CUST01296,0.155,1,0.015,train
CUST01297,0.08,1,0.015,train
CUST01298,0.96,1,0.015,train
CUST01299,0.79,1,0.015,test
CUST01300,0.04,1,0.015,train
CUST01301,0.88,1,0.015,train
CUST01302,0.015,1,0.015,train
CUST01303,0.18,1,0.015,test
CUST01304,0.03,1,0.015,train
CUST01305,0.76,1,0.015,train
CUST01306,0.08,1,0.015,train
CUST01307,0.97,1,0.015,train
CUST01308,0.95,1,0.015,train
CUST01309,0.27,1,0.015,test
CUST01310,0.23,1,0.015,train
CUST01311,0.225,1,0.015,train
CUST01312,0.01,0,0.015,train
CUST01313,0.03,1,0.015,train
CUST01314,0.045,1,0.015,train
CUST01315,0.87,1,0.015,validation
CUST01316,0.865,1,0.015,train
CUST01317,0.89,1,0.015,train
CUST01318,0.97,1,0.015,train
CUST01319,0.575,1,0.015,test
CUST01320,0.96,1,0.015,train
CUST01321,0.07,1,0.015,train
CUST01322,0.905,1,0.015,train
CUST01323,0.94,1,0.015,train
CUST01324,0.965,1,0.015,train
CUST01325,0.925,1,0.015,test
CUST01326,0.94,1,0.015,train
CUST01327,0.04,1,0.015,train
CUST01328,0.11,1,0.015,train
CUST01329,0.13,1,0.015,train
CUST01330,0.01,0,0.015,train
CUST01331,0.055,1,0.015,train
CUST01332,0.015,1,0.015,train
CUST01333,0.715,1,0.015,train
CUST01334,0.885,1,0.015,test
CUST01335,0.055,1,0.015,train
CUST01336,0.685,1,0.015,train
CUST01337,0.16,1,0.015,train
CUST01338,0.75,1,0.015,train
CUST01339,0.95,1,0.015,train
CUST01340,0.885,1,0.015,train
CUST01341,0.81,1,0.015,train
CUST01342,0.475,1,0.015,test
CUST01343,0.13,1,0.015,validation
CUST01344,0.87,1,0.015,test
CUST01345,0.065,1,0.015,train
CUST01346,0.22,1,0.015,validation
CUST01347,0.83,1,0.015,test
CUST01348,0.92,1,0.015,train
CUST01349,0.12,1,0.015,train
CUST01350,0.98,1,0.015,train
CUST01351,0.795,1,0.015,train
CUST01352,0.985,1,0.015,train
CUST01353,0.205,1,0.015,train
CUST01354,0.035,1,0.015,train
CUST01355,0.765,1,0.015,validation
CUST01356,0.815,1,0.015,train
CUST01357,0.855,1,0.015,test
CUST01358,0.045,1,0.015,train
CUST01359,0.81,1,0.015,train
CUST01360,0.955,1,0.015,train
CUST01361,0.025,1,0.015,train
CUST01362,0.35,1,0.015,validation
CUST01363,0.195,1,0.015,train
CUST01364,0.97,1,0.015,train
CUST01365,0.93,1,0.015,train
CUST01366,0.885,1,0.015,train
CUST01367,0.83,1,0.015,train
CUST01368,0.9,1,0.015,validation
CUST01369,0.155,1,0.015,train
CUST01370,0.935,1,0.015,test
CUST01371,0.075,1,0.015,train
CUST01372,0.745,1,0.015,test
CUST01373,0.915,1,0.015,train
CUST01374,0.77,1,0.015,test
CUST01375,0.155,1,0.015,train
CUST01376,0.575,1,0.015,test
CUST01377,0.075,1,0.015,train
CUST01378,0.915,1,0.015,train
CUST01379,0.935,1,0.015,train
CUST01380,0.24,1,0.015,validation
CUST01381,0.01,0,0.015,train
CUST01382,0.71,1,0.015,train
CUST01383,0.125,1,0.015,test
CUST01384,0.705,1,0.015,validation
CUST01385,0.115,1,0.015,test
CUST01386,0.055,1,0.015,train
CUST01387,0.94,1,0.015,test
CUST01388,0.77,1,0.015,train
CUST01389,0.085,1,0.015,train
CUST01390,0.035,1,0.015,train
CUST01391,0.17,1,0.015,train
CUST01392,0.2,1,0.015,test
CUST01393,0.575,1,0.015,validation
CUST01394,0.065,1,0.015,test
CUST01395,0.05,1,0.015,train
CUST01396,0.845,1,0.015,test
CUST01397,0.035,1,0.015,test
CUST01398,0.81,1,0.015,train
CUST01399,0.105,1,0.015,validation
CUST01400,0.95,1,0.015,train
CUST01401,0.15,1,0.015,train
CUST01402,0.94,1,0.015,train
CUST01403,0.99,1,0.015,train
CUST01404,0.85,1,0.015,validation
CUST01405,0.845,1,0.015,test
CUST01406,0.955,1,0.015,train
CUST01407,0.715,1,0.015,test
CUST01408,0.965,1,0.015,train
CUST01409,0.08,1,0.015,train
CUST01410,0.48,1,0.015,validation
CUST01411,0.76,1,0.015,test
CUST01412,0.79,1,0.015,train
CUST01413,0.92,1,0.015,validation
CUST01414,0.185,1,0.015,train
CUST01415,0.125,1,0.015,validation
CUST01416,0.075,1,0.015,train
CUST01417,0.935,1,0.015,train
CUST01418,0.915,1,0.015,train
CUST01419,0.31,1,0.015,test
CUST01420,0.03,1,0.015,train
CUST01421,0.77,1,0.015,train
CUST01422,0.505,1,0.015,test
CUST01423,0.555,1,0.015,validation
CUST01424,0.62,1,0.015,validation
CUST01425,0.285,1,0.015,validation
CUST01426,0.045,1,0.015,train
CUST01427,0.08,1,0.015,validation
CUST01428,0.205,1,0.015,train
CUST01429,0.04,1,0.015,train
CUST01430,0.015,1,0.015,train
CUST01431,0.74,1,0.015,train
CUST01432,0.85,1,0.015,test
CUST01433,0.88,1,0.015,train
CUST01434,0.195,1,0.015,test
CUST01435,0.905,1,0.015,train
CUST01436,0.02,1,0.015,train
CUST01437,0.945,1,0.015,train
CUST01438,0.915,1,0.015,train
CUST01439,0.055,1,0.015,train
CUST01440,0.075,1,0.015,train
CUST01441,0.995,1,0.015,train
CUST01442,0.375,1,0.015,test
CUST01443,0.115,1,0.015,validation
CUST01444,0.74,1,0.015,train
CUST01445,0.895,1,0.015,train
CUST01446,0.865,1,0.015,train
CUST01447,0.115,1,0.015,train
CUST01448,0.96,1,0.015,train
CUST01449,0.205,1,0.015,validation
CUST01450,0.945,1,0.015,train
CUST01451,0.2,1,0.015,validation
CUST01452,0.5,1,0.015,test
CUST01453,0.69,1,0.015,train
CUST01454,0.275,1,0.015,test
CUST01455,0.985,1,0.015,train
CUST01456,0.065,1,0.015,train
CUST01457,0.66,1,0.015,validation
CUST01458,0.74,1,0.015,train
CUST01459,0.1,1,0.015,train
CUST01460,0.895,1,0.015,train
CUST01461,0.82,1,0.015,validation
CUST01462,0.65,1,0.015,test
CUST01463,0.985,1,0.015,test
CUST01464,0.025,1,0.015,train
CUST01465,0.04,1,0.015,train
CUST01466,0.765,1,0.015,train
CUST01467,0.67,1,0.015,test
CUST01468,0.91,1,0.015,train
CUST01469,0.33,1,0.015,validation
CUST01470,0.985,1,0.015,train
CUST01471,0.665,1,0.015,train
CUST01472,0.04,1,0.015,train
CUST01473,0.115,1,0.015,validation
CUST01474,0.715,1,0.015,train
CUST01475,0.79,1,0.015,test
CUST01476,0.97,1,0.015,train
CUST01477,0.32,1,0.015,test
CUST01478,0.7,1,0.015,train
CUST01479,0.13,1,0.015,train
CUST01480,0.955,1,0.015,train
CUST01481,0.845,1,0.015,train
CUST01482,0.955,1,0.015,train
CUST01483,0.085,1,0.015,train
CUST01484,0.915,1,0.015,train
CUST01485,0.655,1,0.015,train
CUST01486,0.82,1,0.015,train
CUST01487,0.96,1,0.015,train
CUST01488,0.66,1,0.015,train
CUST01489,0.22,1,0.015,validation
CUST01490,0.955,1,0.015,train
CUST01491,0.145,1,0.015,train
CUST01492,0.095,1,0.015,train
CUST01493,0.15,1,0.015,train
CUST01494,1.0,1,0.015,train
CUST01495,0.2,1,0.015,train
CUST01496,0.07,1,0.015,train
CUST01497,0.095,1,0.015,train
CUST01498,0.045,1,0.015,train
CUST01499,0.83,1,0.015,validation
CUST01500,0.7,1,0.015,validation
CUST01501,0.5,1,0.015,test
CUST01502,0.33,1,0.015,test
CUST01503,0.87,1,0.015,train
CUST01504,0.965,1,0.015,train
CUST01505,0.35,1,0.015,test
CUST01506,0.93,1,0.015,train
CUST01507,0.9,1,0.015,train
CUST01508,0.065,1,0.015,train
CUST01509,0.235,1,0.015,validation
CUST01510,0.74,1,0.015,test
CUST01511,0.13,1,0.015,train
CUST01512,0.475,1,0.015,test
CUST01513,0.91,1,0.015,train
CUST01514,0.355,1,0.015,validation
CUST01515,0.14,1,0.015,train
CUST01516,0.94,1,0.015,train
CUST01517,0.885,1,0.015,train
CUST01518,0.97,1,0.015,train
CUST01519,0.555,1,0.015,validation
CUST01520,0.13,1,0.015,train
CUST01521,0.08,1,0.015,train
CUST01522,0.83,1,0.015,train
CUST01523,0.07,1,0.015,train
CUST01524,0.065,1,0.015,train
CUST01525,0.105,1,0.015,train
CUST01526,0.06,1,0.015,test
CUST01527,0.97,1,0.015,train
CUST01528,0.855,1,0.015,train
CUST01529,0.96,1,0.015,train
CUST01530,0.97,1,0.015,train
CUST01531,0.865,1,0.015,test
CUST01532,0.95,1,0.015,train
CUST01533,0.915,1,0.015,train
CUST01534,0.365,1,0.015,validation
CUST01535,0.02,1,0.015,train
CUST01536,0.095,1,0.015,train
CUST01537,0.8,1,0.015,test
CUST01538,0.26,1,0.015,train
CUST01539,0.955,1,0.015,train
CUST01540,0.95,1,0.015,train
CUST01541,0.21,1,0.015,train
CUST01542,0.08,1,0.015,train
CUST01543,0.86,1,0.015,train
CUST01544,0.25,1,0.015,train
CUST01545,0.925,1,0.015,train
CUST01546,0.235,1,0.015,test
CUST01547,0.55,1,0.015,test
CUST01548,0.15,1,0.015,train
CUST01549,0.87,1,0.015,train
CUST01550,0.82,1,0.015,train
CUST01551,0.215,1,0.015,train
CUST01552,0.76,1,0.015,test
CUST01553,0.975,1,0.015,train
CUST01554,0.08,1,0.015,train
CUST01555,0.15,1,0.015,train
CUST01556,0.09,1,0.015,train
CUST01557,0.21,1,0.015,train
CUST01558,0.975,1,0.015,validation
CUST01559,0.785,1,0.015,train
CUST01560,0.035,1,0.015,train
CUST01561,0.755,1,0.015,validation
CUST01562,0.135,1,0.015,train
CUST01563,0.815,1,0.015,train
CUST01564,0.97,1,0.015,train
CUST01565,0.125,1,0.015,train
CUST01566,0.095,1,0.015,train
CUST01567,0.965,1,0.015,train
CUST01568,0.84,1,0.015,test
CUST01569,0.125,1,0.015,train
CUST01570,0.935,1,0.015,train
CUST01571,0.925,1,0.015,test
CUST01572,0.965,1,0.015,train
CUST01573,0.08,1,0.015,train
CUST01574,0.755,1,0.015,test
CUST01575,0.98,1,0.015,train
CUST01576,0.775,1,0.015,train
CUST01577,0.815,1,0.015,validation
CUST01578,0.055,1,0.015,train
CUST01579,0.63,1,0.015,train
CUST01580,0.06,1,0.015,train
CUST01581,0.07,1,0.015,test
CUST01582,0.135,1,0.015,train
CUST01583,0.97,1,0.015,train
CUST01584,0.08,1,0.015,test
CUST01585,0.73,1,0.015,train
CUST01586,0.105,1,0.015,train
CUST01587,0.905,1,0.015,train
CUST01588,0.805,1,0.015,test
CUST01589,0.96,1,0.015,train
CUST01590,0.865,1,0.015,train
CUST01591,0.885,1,0.015,train
CUST01592,0.71,1,0.015,validation
CUST01593,0.645,1,0.015,train
CUST01594,0.065,1,0.015,train
CUST01595,0.45,1,0.015,validation
CUST01596,0.075,1,0.015,train
CUST01597,0.18,1,0.015,train
CUST01598,0.11,1,0.015,train
CUST01599,0.915,1,0.015,train
CUST01600,0.72,1,0.015,train
CUST01601,0.115,1,0.015,train
CUST01602,0.025,1,0.015,train
CUST01603,0.81,1,0.015,test
CUST01604,0.105,1,0.015,train
CUST01605,0.025,1,0.015,train
CUST01606,0.975,1,0.015,train
CUST01607,0.96,1,0.015,train
CUST01608,0.165,1,0.015,train
CUST01609,0.485,1,0.015,test
CUST01610,0.08,1,0.015,train
CUST01611,0.185,1,0.015,validation
CUST01612,0.98,1,0.015,train
CUST01613,0.95,1,0.015,train
CUST01614,0.63,1,0.015,test
CUST01615,0.09,1,0.015,train
CUST01616,0.88,1,0.015,train
CUST01617,0.275,1,0.015,test
CUST01618,0.94,1,0.015,train
CUST01619,0.035,1,0.015,train
CUST01620,0.01,0,0.015,train
CUST01621,0.03,1,0.015,validation
CUST01622,0.075,1,0.015,train
CUST01623,0.965,1,0.015,train
CUST01624,0.03,1,0.015,train
CUST01625,0.1,1,0.015,validation
CUST01626,0.07,1,0.015,validation
CUST01627,0.975,1,0.015,train
CUST01628,0.78,1,0.015,validation
CUST01629,0.545,1,0.015,test
CUST01630,0.13,1,0.015,test
CUST01631,0.015,1,0.015,train
CUST01632,0.75,1,0.015,train
CUST01633,0.16,1,0.015,train
CUST01634,0.77,1,0.015,train
CUST01635,0.09,1,0.015,train
CUST01636,0.29,1,0.015,test
CUST01637,0.07,1,0.015,train
CUST01638,0.155,1,0.015,train
CUST01639,0.915,1,0.015,train
CUST01640,0.87,1,0.015,train
CUST01641,0.225,1,0.015,train
CUST01642,0.045,1,0.015,train
CUST01643,0.905,1,0.015,validation
CUST01644,0.88,1,0.015,train
CUST01645,0.045,1,0.015,train
CUST01646,0.14,1,0.015,validation
CUST01647,0.01,0,0.015,train
CUST01648,0.24,1,0.015,train
CUST01649,0.98,1,0.015,train
CUST01650,0.205,1,0.015,train
CUST01651,0.81,1,0.015,train
CUST01652,0.095,1,0.015,train
CUST01653,0.82,1,0.015,train
CUST01654,0.245,1,0.015,train
CUST01655,0.19,1,0.015,test
CUST01656,0.02,1,0.015,train
CUST01657,0.985,1,0.015,train
CUST01658,0.085,1,0.015,train
CUST01659,0.43,1,0.015,test
CUST01660,0.02,1,0.015,test
CUST01661,0.96,1,0.015,train
CUST01662,0.77,1,0.015,train
CUST01663,0.12,1,0.015,train
CUST01664,0.755,1,0.015,train
CUST01665,0.465,1,0.015,test
CUST01666,0.92,1,0.015,validation
CUST01667,0.875,1,0.015,train
CUST01668,0.29,1,0.015,validation
CUST01669,0.955,1,0.015,train
CUST01670,0.055,1,0.015,train
CUST01671,0.455,1,0.015,validation
CUST01672,0.65,1,0.015,train
CUST01673,0.16,1,0.015,train
CUST01674,0.3,1,0.015,train
CUST01675,0.935,1,0.015,train
CUST01676,0.9,1,0.015,test
CUST01677,0.025,1,0.015,train
CUST01678,0.145,1,0.015,train
CUST01679,0.765,1,0.015,train
CUST01680,0.175,1,0.015,test
CUST01681,0.14,1,0.015,train
CUST01682,0.785,1,0.015,test
CUST01683,0.01,0,0.015,train
CUST01684,0.11,1,0.015,train
CUST01685,0.935,1,0.015,train
CUST01686,0.94,1,0.015,train
CUST01687,0.9,1,0.015,train
CUST01688,0.745,1,0.015,validation
CUST01689,0.745,1,0.015,train
CUST01690,0.9,1,0.015,train
CUST01691,0.79,1,0.015,validation
CUST01692,0.955,1,0.015,train
CUST01693,0.11,1,0.015,train
CUST01694,0.255,1,0.015,validation
CUST01695,0.075,1,0.015,train
CUST01696,0.865,1,0.015,train
CUST01697,0.09,1,0.015,train
CUST01698,0.065,1,0.015,train
CUST01699,0.975,1,0.015,train
CUST01700,0.105,1,0.015,validation
CUST01701,0.73,1,0.015,train
CUST01702,0.775,1,0.015,test
CUST01703,0.085,1,0.015,test
CUST01704,0.33,1,0.015,validation
CUST01705,0.07,1,0.015,train
CUST01706,0.025,1,0.015,train
CUST01707,0.02,1,0.015,train
CUST01708,0.02,1,0.015,train
CUST01709,0.91,1,0.015,train
CUST01710,0.3,1,0.015,validation
CUST01711,0.28,1,0.015,train
CUST01712,0.15,1,0.015,train
CUST01713,0.165,1,0.015,validation
CUST01714,0.865,1,0.015,validation
CUST01715,0.94,1,0.015,train
CUST01716,0.25,1,0.015,test
CUST01717,0.205,1,0.015,train
CUST01718,0.25,1,0.015,train
CUST01719,0.945,1,0.015,train
CUST01720,0.085,1,0.015,test
CUST01721,0.9,1,0.015,train
CUST01722,0.78,1,0.015,train
CUST01723,0.035,1,0.015,train
CUST01724,0.66,1,0.015,train
CUST01725,0.78,1,0.015,train
CUST01726,0.13,1,0.015,test
CUST01727,0.01,0,0.015,train
CUST01728,0.12,1,0.015,validation
CUST01729,0.025,1,0.015,train
CUST01730,0.81,1,0.015,train
CUST01731,0.565,1,0.015,validation
CUST01732,0.01,0,0.015,train
CUST01733,0.765,1,0.015,train
CUST01734,0.9,1,0.015,validation
CUST01735,0.79,1,0.015,train
CUST01736,0.115,1,0.015,test
CUST01737,0.095,1,0.015,train
CUST01738,0.14,1,0.015,validation
CUST01739,0.22,1,0.015,train
CUST01740,0.335,1,0.015,validation
CUST01741,0.3,1,0.015,test
CUST01742,0.835,1,0.015,train
CUST01743,0.17,1,0.015,train
CUST01744,0.765,1,0.015,validation
CUST01745,0.985,1,0.015,train
CUST01746,0.995,1,0.015,train
CUST01747,0.115,1,0.015,validation
CUST01748,0.805,1,0.015,train
CUST01749,0.98,1,0.015,train
CUST01750,0.91,1,0.015,train
CUST01751,0.145,1,0.015,train
CUST01752,0.945,1,0.015,train
CUST01753,0.115,1,0.015,train
CUST01754,0.075,1,0.015,validation
CUST01755,0.945,1,0.015,train
CUST01756,0.26,1,0.015,validation
CUST01757,0.93,1,0.015,train
CUST01758,0.605,1,0.015,test
CUST01759,0.805,1,0.015,train
CUST01760,0.17,1,0.015,validation
CUST01761,0.35,1,0.015,validation
CUST01762,0.47,1,0.015,validation
CUST01763,0.415,1,0.015,test
CUST01764,0.275,1,0.015,validation
CUST01765,0.905,1,0.015,validation
CUST01766,0.96,1,0.015,train
CUST01767,0.95,1,0.015,train
CUST01768,0.155,1,0.015,train
CUST01769,0.04,1,0.015,train
CUST01770,0.79,1,0.015,train
CUST01771,0.085,1,0.015,train
CUST01772,0.885,1,0.015,test
CUST01773,0.955,1,0.015,train
CUST01774,0.825,1,0.015,train
CUST01775,0.16,1,0.015,train
CUST01776,0.825,1,0.015,train
CUST01777,0.795,1,0.015,validation
CUST01778,0.675,1,0.015,test
CUST01779,0.91,1,0.015,train
CUST01780,0.085,1,0.015,train
CUST01781,0.935,1,0.015,train
CUST01782,0.96,1,0.015,train
CUST01783,0.075,1,0.015,train
CUST01784,0.115,1,0.015,train
CUST01785,0.055,1,0.015,train
CUST01786,0.03,1,0.015,train
CUST01787,0.125,1,0.015,train
CUST01788,0.095,1,0.015,train
CUST01789,0.735,1,0.015,train
CUST01790,0.625,1,0.015,train
CUST01791,0.81,1,0.015,train
CUST01792,0.2,1,0.015,test
CUST01793,0.825,1,0.015,train
CUST01794,0.035,1,0.015,train
CUST01795,0.83,1,0.015,train
CUST01796,0.78,1,0.015,train
CUST01797,0.935,1,0.015,train
CUST01798,0.81,1,0.015,train
CUST01799,0.66,1,0.015,validation
CUST01800,0.86,1,0.015,test
CUST01801,0.78,1,0.015,train
CUST01802,0.87,1,0.015,train
CUST01803,0.615,1,0.015,test
CUST01804,0.94,1,0.015,train
CUST01805,0.855,1,0.015,train
CUST01806,0.185,1,0.015,train
CUST01807,0.19,1,0.015,train
CUST01808,0.045,1,0.015,train
CUST01809,0.085,1,0.015,train
CUST01810,0.18,1,0.015,train
CUST01811,0.075,1,0.015,train
CUST01812,0.02,1,0.015,train
CUST01813,0.045,1,0.015,train
CUST01814,0.42,1,0.015,validation
CUST01815,0.21,1,0.015,test
CUST01816,0.985,1,0.015,train
CUST01817,0.915,1,0.015,train
CUST01818,0.96,1,0.015,train
CUST01819,0.825,1,0.015,train
CUST01820,0.05,1,0.015,train
CUST01821,0.725,1,0.015,train
CUST01822,0.14,1,0.015,train
CUST01823,0.29,1,0.015,validation
CUST01824,0.98,1,0.015,train
CUST01825,0.07,1,0.015,train
CUST01826,0.26,1,0.015,test
CUST01827,0.055,1,0.015,test
CUST01828,0.78,1,0.015,train
CUST01829,0.745,1,0.015,train
CUST01830,0.755,1,0.015,train
CUST01831,0.08,1,0.015,train
CUST01832,0.795,1,0.015,train
CUST01833,0.05,1,0.015,train
CUST01834,0.09,1,0.015,test
CUST01835,0.895,1,0.015,train
CUST01836,0.345,1,0.015,validation
CUST01837,0.89,1,0.015,train
CUST01838,0.84,1,0.015,train
CUST01839,0.025,1,0.015,train
CUST01840,0.24,1,0.015,train
CUST01841,0.135,1,0.015,validation
CUST01842,0.715,1,0.015,validation
CUST01843,0.025,1,0.015,train
CUST01844,0.21,1,0.015,train
CUST01845,0.905,1,0.015,train
CUST01846,0.865,1,0.015,train
CUST01847,0.03,1,0.015,train
CUST01848,0.005,0,0.015,train
CUST01849,0.63,1,0.015,test
CUST01850,0.14,1,0.015,train
CUST01851,0.92,1,0.015,train
CUST01852,0.83,1,0.015,train
CUST01853,0.8,1,0.015,test
CUST01854,0.625,1,0.015,test
CUST01855,0.05,1,0.015,train
CUST01856,0.975,1,0.015,train
CUST01857,0.81,1,0.015,train
CUST01858,0.175,1,0.015,test
CUST01859,0.035,1,0.015,train
CUST01860,0.11,1,0.015,train
CUST01861,0.075,1,0.015,train
CUST01862,0.085,1,0.015,train
CUST01863,0.915,1,0.015,train
CUST01864,0.715,1,0.015,validation
CUST01865,0.79,1,0.015,train
CUST01866,0.815,1,0.015,train
CUST01867,0.09,1,0.015,train
CUST01868,0.84,1,0.015,train
CUST01869,0.115,1,0.015,train
CUST01870,0.395,1,0.015,test
CUST01871,0.775,1,0.015,validation
CUST01872,0.185,1,0.015,train
CUST01873,0.04,1,0.015,train
CUST01874,0.135,1,0.015,train
CUST01875,0.84,1,0.015,train
CUST01876,0.975,1,0.015,train
CUST01877,0.405,1,0.015,test
CUST01878,0.36,1,0.015,validation
CUST01879,0.845,1,0.015,train
CUST01880,0.9,1,0.015,train
CUST01881,0.405,1,0.015,test
CUST01882,0.845,1,0.015,validation
CUST01883,0.15,1,0.015,train
CUST01884,0.98,1,0.015,train
CUST01885,0.03,1,0.015,train
CUST01886,0.89,1,0.015,train
CUST01887,0.92,1,0.015,train
CUST01888,0.18,1,0.015,test
CUST01889,0.125,1,0.015,train
CUST01890,0.96,1,0.015,train
CUST01891,0.89,1,0.015,train
CUST01892,0.105,1,0.015,train
CUST01893,0.12,1,0.015,train
CUST01894,0.945,1,0.015,train
CUST01895,0.95,1,0.015,train
CUST01896,0.22,1,0.015,train
CUST01897,0.09,1,0.015,train
CUST01898,0.955,1,0.015,train
CUST01899,0.8,1,0.015,train
CUST01900,0.07,1,0.015,test
CUST01901,0.905,1,0.015,train
CUST01902,0.16,1,0.015,train
CUST01903,0.035,1,0.015,train
CUST01904,0.215,1,0.015,validation
CUST01905,0.02,1,0.015,train
CUST01906,0.59,1,0.015,test
CUST01907,0.39,1,0.015,test
CUST01908,0.87,1,0.015,test
CUST01909,0.09,1,0.015,train
CUST01910,0.975,1,0.015,train
CUST01911,0.075,1,0.015,train
CUST01912,0.165,1,0.015,test
CUST01913,0.49,1,0.015,validation
CUST01914,0.08,1,0.015,train
CUST01915,0.965,1,0.015,train
CUST01916,0.05,1,0.015,train
CUST01917,0.875,1,0.015,test
CUST01918,0.915,1,0.015,train
CUST01919,0.135,1,0.015,train
CUST01920,0.86,1,0.015,validation
CUST01921,0.775,1,0.015,train
CUST01922,0.085,1,0.015,train
CUST01923,0.935,1,0.015,train
CUST01924,0.265,1,0.015,validation
CUST01925,0.09,1,0.015,test
CUST01926,0.935,1,0.015,train
CUST01927,0.96,1,0.015,train
CUST01928,0.095,1,0.015,train
CUST01929,0.85,1,0.015,validation
CUST01930,0.08,1,0.015,train
CUST01931,0.015,1,0.015,train
CUST01932,0.05,1,0.015,train
CUST01933,0.735,1,0.015,train
CUST01934,0.225,1,0.015,validation
CUST01935,0.76,1,0.015,train
CUST01936,0.09,1,0.015,train
CUST01937,0.975,1,0.015,train
CUST01938,0.1,1,0.015,train
CUST01939,0.045,1,0.015,train
CUST01940,0.045,1,0.015,train
CUST01941,0.015,1,0.015,train
CUST01942,0.985,1,0.015,train
CUST01943,0.1,1,0.015,train
CUST01944,0.09,1,0.015,train
CUST01945,0.91,1,0.015,test
CUST01946,0.23,1,0.015,train
CUST01947,0.915,1,0.015,train
CUST01948,0.93,1,0.015,train
CUST01949,0.74,1,0.015,test
CUST01950,0.96,1,0.015,train
CUST01951,0.945,1,0.015,train
CUST01952,0.85,1,0.015,validation
CUST01953,0.845,1,0.015,test
CUST01954,0.08,1,0.015,train
CUST01955,0.045,1,0.015,train
CUST01956,0.43,1,0.015,validation
CUST01957,0.705,1,0.015,validation
CUST01958,0.89,1,0.015,train
CUST01959,0.115,1,0.015,train
CUST01960,0.065,1,0.015,train
CUST01961,0.85,1,0.015,train
CUST01962,0.91,1,0.015,train
CUST01963,0.895,1,0.015,train
CUST01964,0.05,1,0.015,train
CUST01965,0.985,1,0.015,train
CUST01966,0.815,1,0.015,train
CUST01967,0.7,1,0.015,train
CUST01968,0.68,1,0.015,validation
CUST01969,0.465,1,0.015,validation
CUST01970,0.15,1,0.015,train
CUST01971,0.035,1,0.015,train
CUST01972,0.02,1,0.015,train
CUST01973,0.125,1,0.015,train
CUST01974,0.155,1,0.015,train
CUST01975,0.145,1,0.015,train
CUST01976,0.125,1,0.015,train
CUST01977,0.285,1,0.015,test
CUST01978,0.94,1,0.015,train
CUST01979,0.115,1,0.015,train
CUST01980,0.01,0,0.015,train
CUST01981,0.13,1,0.015,train
CUST01982,0.125,1,0.015,train
CUST01983,0.115,1,0.015,train
CUST01984,0.05,1,0.015,train
CUST01985,0.305,1,0.015,test
CUST01986,0.03,1,0.015,train
CUST01987,0.805,1,0.015,validation
CUST01988,0.11,1,0.015,train
CUST01989,0.57,1,0.015,validation
CUST01990,0.08,1,0.015,test
CUST01991,0.735,1,0.015,train
CUST01992,0.13,1,0.015,train
CUST01993,0.1,1,0.015,train
CUST01994,0.615,1,0.015,validation
CUST01995,0.995,1,0.015,train
CUST01996,0.33,1,0.015,train
CUST01997,0.09,1,0.015,train
CUST01998,0.03,1,0.015,train
CUST01999,0.475,1,0.015,test
CUST02000,0.8,1,0.015,train
CUST02001,0.055,1,0.015,train
CUST02002,0.025,1,0.015,train
CUST02003,0.84,1,0.015,validation
CUST02004,0.12,1,0.015,validation
CUST02005,0.03,1,0.015,train
CUST02006,0.27,1,0.015,train
CUST02007,0.95,1,0.015,train
CUST02008,0.84,1,0.015,train
CUST02009,0.105,1,0.015,train
CUST02010,0.32,1,0.015,validation
CUST02011,0.96,1,0.015,train
CUST02012,0.115,1,0.015,validation
CUST02013,0.15,1,0.015,train
CUST02014,0.17,1,0.015,train
CUST02015,0.8,1,0.015,validation
CUST02016,0.08,1,0.015,train
CUST02017,0.825,1,0.015,train
CUST02018,0.74,1,0.015,train
CUST02019,0.065,1,0.015,train
CUST02020,0.76,1,0.015,train
CUST02021,0.015,1,0.015,train
CUST02022,0.63,1,0.015,test
CUST02023,0.735,1,0.015,train
CUST02024,0.005,0,0.015,train
CUST02025,0.135,1,0.015,validation
CUST02026,0.065,1,0.015,train
CUST02027,0.01,0,0.015,train
CUST02028,0.96,1,0.015,train
CUST02029,0.15,1,0.015,train
CUST02030,0.02,1,0.015,train
CUST02031,0.935,1,0.015,train
CUST02032,0.945,1,0.015,train
CUST02033,0.265,1,0.015,train
CUST02034,0.03,1,0.015,train
CUST02035,0.53,1,0.015,test
CUST02036,0.18,1,0.015,test
CUST02037,0.785,1,0.015,train
CUST02038,0.98,1,0.015,train
CUST02039,0.9,1,0.015,train
CUST02040,0.08,1,0.015,train
CUST02041,0.05,1,0.015,train
CUST02042,0.07,1,0.015,train
CUST02043,0.2,1,0.015,validation
CUST02044,0.02,1,0.015,train
CUST02045,0.86,1,0.015,train
CUST02046,0.98,1,0.015,train
CUST02047,0.105,1,0.015,train
CUST02048,0.99,1,0.015,train
CUST02049,0.115,1,0.015,train
CUST02050,0.08,1,0.015,train
CUST02051,0.8,1,0.015,train
CUST02052,0.135,1,0.015,train
CUST02053,0.15,1,0.015,train
CUST02054,0.1,1,0.015,train
CUST02055,0.025,1,0.015,train
CUST02056,0.845,1,0.015,validation
CUST02057,0.045,1,0.015,train
CUST02058,0.05,1,0.015,train
CUST02059,0.43,1,0.015,validation
CUST02060,0.335,1,0.015,test
CUST02061,0.14,1,0.015,train
CUST02062,0.965,1,0.015,train
CUST02063,0.055,1,0.015,train
CUST02064,0.815,1,0.015,train
CUST02065,0.905,1,0.015,test
CUST02066,0.19,1,0.015,train
CUST02067,0.16,1,0.015,validation
CUST02068,0.015,1,0.015,train
CUST02069,0.94,1,0.015,test
CUST02070,0.81,1,0.015,train
CUST02071,0.06,1,0.015,train
CUST02072,0.17,1,0.015,test
CUST02073,0.815,1,0.015,train
CUST02074,0.09,1,0.015,train
CUST02075,0.975,1,0.015,validation
CUST02076,0.96,1,0.015,train
CUST02077,0.57,1,0.015,test
CUST02078,0.105,1,0.015,train
CUST02079,0.285,1,0.015,validation
CUST02080,0.95,1,0.015,train
CUST02081,0.91,1,0.015,train
CUST02082,0.985,1,0.015,train
CUST02083,0.07,1,0.015,train
CUST02084,0.96,1,0.015,train
CUST02085,0.72,1,0.015,train
CUST02086,0.04,1,0.015,train
CUST02087,0.07,1,0.015,train
CUST02088,0.595,1,0.015,test
CUST02089,0.11,1,0.015,train
CUST02090,0.925,1,0.015,train
CUST02091,0.09,1,0.015,validation
CUST02092,0.795,1,0.015,validation
CUST02093,0.035,1,0.015,train
CUST02094,0.905,1,0.015,train
CUST02095,0.275,1,0.015,train
CUST02096,0.065,1,0.015,validation
CUST02097,0.19,1,0.015,train
CUST02098,0.83,1,0.015,validation
CUST02099,0.87,1,0.015,train
CUST02100,0.07,1,0.015,train
CUST02101,0.725,1,0.015,train
CUST02102,0.03,1,0.015,train
CUST02103,0.37,1,0.015,test
CUST02104,0.05,1,0.015,train
CUST02105,0.035,1,0.015,train
CUST02106,0.115,1,0.015,train
CUST02107,0.825,1,0.015,train
CUST02108,0.02,1,0.015,train
CUST02109,0.025,1,0.015,train
CUST02110,0.135,1,0.015,train
CUST02111,0.975,1,0.015,train
CUST02112,0.99,1,0.015,train
CUST02113,0.955,1,0.015,test
CUST02114,0.855,1,0.015,train
CUST02115,0.31,1,0.015,train
CUST02116,0.92,1,0.015,train
CUST02117,0.39,1,0.015,test
CUST02118,0.85,1,0.015,train
CUST02119,0.105,1,0.015,validation
CUST02120,0.055,1,0.015,train
CUST02121,0.065,1,0.015,train
CUST02122,0.285,1,0.015,train
CUST02123,0.66,1,0.015,validation
CUST02124,0.08,1,0.015,train
CUST02125,0.91,1,0.015,train
CUST02126,0.97,1,0.015,train
CUST02127,0.925,1,0.015,train
CUST02128,0.72,1,0.015,train
CUST02129,0.87,1,0.015,train
CUST02130,0.835,1,0.015,train
CUST02131,0.605,1,0.015,validation
CUST02132,0.26,1,0.015,validation
CUST02133,0.015,1,0.015,train
CUST02134,0.355,1,0.015,train
CUST02135,0.46,1,0.015,validation
CUST02136,0.785,1,0.015,train
CUST02137,0.06,1,0.015,train
CUST02138,0.875,1,0.015,test
CUST02139,0.11,1,0.015,train
CUST02140,0.08,1,0.015,train
CUST02141,0.645,1,0.015,train
CUST02142,0.85,1,0.015,train
CUST02143,0.095,1,0.015,train
CUST02144,0.335,1,0.015,train
CUST02145,0.89,1,0.015,train
CUST02146,0.965,1,0.015,train
CUST02147,0.955,1,0.015,test
CUST02148,0.36,1,0.015,train
CUST02149,0.685,1,0.015,train
CUST02150,0.925,1,0.015,validation
CUST02151,0.185,1,0.015,validation
CUST02152,0.94,1,0.015,train
CUST02153,0.63,1,0.015,validation
CUST02154,0.09,1,0.015,train
CUST02155,0.945,1,0.015,train
CUST02156,0.885,1,0.015,train
CUST02157,0.795,1,0.015,train
CUST02158,0.435,1,0.015,test
CUST02159,0.045,1,0.015,test
CUST02160,0.415,1,0.015,validation
CUST02161,0.95,1,0.015,test
CUST02162,0.015,1,0.015,train
CUST02163,0.97,1,0.015,train
CUST02164,0.35,1,0.015,test
CUST02165,0.365,1,0.015,validation
CUST02166,0.09,1,0.015,train
CUST02167,0.75,1,0.015,train
CUST02168,0.855,1,0.015,validation
CUST02169,0.065,1,0.015,train
CUST02170,0.95,1,0.015,train
CUST02171,0.695,1,0.015,test
CUST02172,0.025,1,0.015,train
CUST02173,0.23,1,0.015,test
CUST02174,0.215,1,0.015,train
CUST02175,0.13,1,0.015,test
CUST02176,0.845,1,0.015,train
CUST02177,0.86,1,0.015,test
CUST02178,0.105,1,0.015,train
CUST02179,0.22,1,0.015,validation
CUST02180,0.925,1,0.015,train
CUST02181,0.23,1,0.015,validation
CUST02182,0.105,1,0.015,train
CUST02183,0.7,1,0.015,train
CUST02184,0.805,1,0.015,validation
CUST02185,0.945,1,0.015,test
CUST02186,0.69,1,0.015,validation
CUST02187,0.98,1,0.015,train
CUST02188,0.985,1,0.015,train
CUST02189,0.165,1,0.015,train
CUST02190,0.285,1,0.015,train
CUST02191,0.785,1,0.015,validation
CUST02192,0.115,1,0.015,train
CUST02193,0.17,1,0.015,validation
CUST02194,0.035,1,0.015,train
CUST02195,0.8,1,0.015,train
CUST02196,0.81,1,0.015,test
CUST02197,0.685,1,0.015,train
CUST02198,0.78,1,0.015,test
CUST02199,0.8,1,0.015,train
CUST02200,0.02,1,0.015,train
CUST02201,0.99,1,0.015,train
CUST02202,0.13,1,0.015,validation
CUST02203,0.275,1,0.015,test
CUST02204,0.84,1,0.015,test
CUST02205,0.245,1,0.015,train
CUST02206,0.9,1,0.015,train
CUST02207,0.105,1,0.015,validation
CUST02208,0.96,1,0.015,train
CUST02209,0.015,1,0.015,train
CUST02210,0.89,1,0.015,validation
CUST02211,0.055,1,0.015,train
CUST02212,0.8,1,0.015,train
CUST02213,0.75,1,0.015,train
CUST02214,0.925,1,0.015,train
CUST02215,0.16,1,0.015,train
CUST02216,0.92,1,0.015,train
CUST02217,0.06,1,0.015,train
CUST02218,0.04,1,0.015,train
CUST02219,0.75,1,0.015,train
CUST02220,0.175,1,0.015,train
CUST02221,0.775,1,0.015,train
CUST02222,0.705,1,0.015,test
CUST02223,0.04,1,0.015,train
CUST02224,0.845,1,0.015,test
CUST02225,0.28,1,0.015,train
CUST02226,0.145,1,0.015,validation
CUST02227,0.755,1,0.015,train
CUST02228,0.845,1,0.015,train
CUST02229,0.41,1,0.015,test
CUST02230,0.7,1,0.015,train
CUST02231,0.16,1,0.015,train
CUST02232,0.075,1,0.015,train
CUST02233,0.315,1,0.015,train
CUST02234,0.785,1,0.015,validation
CUST02235,0.455,1,0.015,test
CUST02236,0.98,1,0.015,train
CUST02237,0.055,1,0.015,train
CUST02238,0.73,1,0.015,train
CUST02239,0.85,1,0.015,train
CUST02240,0.075,1,0.015,train
CUST02241,0.805,1,0.015,train
CUST02242,0.89,1,0.015,validation
CUST02243,0.925,1,0.015,train
CUST02244,0.02,1,0.015,train
CUST02245,0.77,1,0.015,train
CUST02246,0.86,1,0.015,train
CUST02247,0.13,1,0.015,train
CUST02248,0.65,1,0.015,test
CUST02249,0.84,1,0.015,train
CUST02250,0.33,1,0.015,test
CUST02251,0.83,1,0.015,test
CUST02252,0.755,1,0.015,train
CUST02253,0.055,1,0.015,train
CUST02254,0.92,1,0.015,train
CUST02255,0.055,1,0.015,train
CUST02256,0.09,1,0.015,train
CUST02257,0.775,1,0.015,train
CUST02258,0.97,1,0.015,train
CUST02259,0.035,1,0.015,train
CUST02260,0.81,1,0.015,train
CUST02261,0.77,1,0.015,train
CUST02262,0.91,1,0.015,train
CUST02263,0.34,1,0.015,train
CUST02264,0.375,1,0.015,test
CUST02265,0.39,1,0.015,validation
CUST02266,0.16,1,0.015,train
CUST02267,0.345,1,0.015,train
CUST02268,0.955,1,0.015,train
CUST02269,0.06,1,0.015,train
CUST02270,0.115,1,0.015,train
CUST02271,0.26,1,0.015,train
CUST02272,0.055,1,0.015,train
CUST02273,0.89,1,0.015,train
CUST02274,0.485,1,0.015,test
CUST02275,0.03,1,0.015,train
CUST02276,0.33,1,0.015,train
CUST02277,0.835,1,0.015,validation
CUST02278,0.935,1,0.015,train
CUST02279,0.08,1,0.015,train
CUST02280,0.915,1,0.015,train
CUST02281,0.885,1,0.015,train
CUST02282,0.765,1,0.015,train
CUST02283,0.965,1,0.015,train
CUST02284,0.63,1,0.015,train
CUST02285,0.16,1,0.015,train
CUST02286,0.985,1,0.015,train
CUST02287,0.375,1,0.015,test
CUST02288,0.11,1,0.015,train
CUST02289,0.14,1,0.015,train
CUST02290,0.205,1,0.015,validation
CUST02291,0.685,1,0.015,test
CUST02292,0.755,1,0.015,train
CUST02293,0.88,1,0.015,train
CUST02294,0.175,1,0.015,train
CUST02295,0.35,1,0.015,validation
CUST02296,0.11,1,0.015,train
CUST02297,0.67,1,0.015,train
CUST02298,0.375,1,0.015,test
CUST02299,0.16,1,0.015,train
CUST02300,0.545,1,0.015,validation
CUST02301,0.27,1,0.015,train
CUST02302,0.82,1,0.015,train
CUST02303,0.375,1,0.015,test
CUST02304,0.83,1,0.015,train
CUST02305,0.105,1,0.015,validation
CUST02306,0.055,1,0.015,train
CUST02307,0.145,1,0.015,train
CUST02308,0.97,1,0.015,train
CUST02309,0.985,1,0.015,train
CUST02310,0.105,1,0.015,validation
CUST02311,0.975,1,0.015,validation
CUST02312,0.95,1,0.015,train
CUST02313,0.825,1,0.015,validation
CUST02314,0.035,1,0.015,train
CUST02315,0.115,1,0.015,train
CUST02316,0.11,1,0.015,train
CUST02317,0.02,1,0.015,train
CUST02318,0.215,1,0.015,train
CUST02319,0.14,1,0.015,train
CUST02320,0.875,1,0.015,train
CUST02321,0.725,1,0.015,validation
CUST02322,0.045,1,0.015,train
CUST02323,0.915,1,0.015,train
CUST02324,0.81,1,0.015,test
CUST02325,0.055,1,0.015,train
CUST02326,0.08,1,0.015,test
CUST02327,0.72,1,0.015,validation
CUST02328,0.245,1,0.015,test
CUST02329,0.285,1,0.015,test
CUST02330,0.095,1,0.015,validation
CUST02331,0.02,1,0.015,train
CUST02332,0.165,1,0.015,test
CUST02333,0.1,1,0.015,train
CUST02334,0.04,1,0.015,train
CUST02335,0.07,1,0.015,train
CUST02336,0.345,1,0.015,validation
CUST02337,0.07,1,0.015,validation
CUST02338,0.265,1,0.015,test
CUST02339,0.025,1,0.015,train
CUST02340,0.02,1,0.015,train
CUST02341,0.32,1,0.015,test
CUST02342,0.06,1,0.015,train
CUST02343,0.13,1,0.015,test
CUST02344,0.7,1,0.015,train
CUST02345,0.13,1,0.015,train
CUST02346,0.18,1,0.015,validation
CUST02347,0.17,1,0.015,train
CUST02348,0.195,1,0.015,train
CUST02349,0.115,1,0.015,validation
CUST02350,0.24,1,0.015,train
CUST02351,0.8,1,0.015,test
CUST02352,0.275,1,0.015,validation
CUST02353,0.305,1,0.015,train
CUST02354,0.27,1,0.015,test
CUST02355,0.12,1,0.015,train
CUST02356,0.045,1,0.015,train
CUST02357,0.1,1,0.015,train
CUST02358,0.85,1,0.015,train
CUST02359,0.035,1,0.015,train
CUST02360,0.785,1,0.015,train
CUST02361,0.8,1,0.015,train
CUST02362,0.085,1,0.015,train
CUST02363,0.075,1,0.015,train
CUST02364,0.915,1,0.015,validation
CUST02365,0.035,1,0.015,train
CUST02366,0.315,1,0.015,train
CUST02367,0.04,1,0.015,train
CUST02368,0.985,1,0.015,train
CUST02369,0.205,1,0.015,test
CUST02370,0.055,1,0.015,train
CUST02371,0.095,1,0.015,train
CUST02372,0.09,1,0.015,train
CUST02373,0.135,1,0.015,train
CUST02374,0.255,1,0.015,train
CUST02375,0.285,1,0.015,train
CUST02376,0.08,1,0.015,train
CUST02377,0.075,1,0.015,train
CUST02378,0.02,1,0.015,train
CUST02379,0.905,1,0.015,train
CUST02380,0.85,1,0.015,test
CUST02381,0.095,1,0.015,train
CUST02382,0.135,1,0.015,train
CUST02383,0.91,1,0.015,train
CUST02384,0.205,1,0.015,train
CUST02385,0.135,1,0.015,train
CUST02386,0.03,1,0.015,train
CUST02387,0.245,1,0.015,train
CUST02388,0.135,1,0.015,train
CUST02389,0.97,1,0.015,train
CUST02390,0.97,1,0.015,train
CUST02391,0.545,1,0.015,test
CUST02392,0.89,1,0.015,train
CUST02393,0.3,1,0.015,train
CUST02394,0.035,1,0.015,train
CUST02395,1.0,1,0.015,train
CUST02396,0.965,1,0.015,train
CUST02397,0.21,1,0.015,train
CUST02398,0.085,1,0.015,train
CUST02399,0.96,1,0.015,validation
CUST02400,0.76,1,0.015,test
